yearID	franchID	WinPercent	PostSeason
1901	NYY	0.511278195488722	NA
1901	BOS	0.580882352941177	NA
1901	LAD	0.580882352941177	NA
1901	ATL	0.5	NA
1901	CHW	0.610294117647059	League Champion
1901	CHC	0.381294964028777	NA
1901	CIN	0.37410071942446	NA
1901	CLE	0.397058823529412	NA
1901	DET	0.548148148148148	NA
1901	BAL	0.35036496350365	NA
1901	SFG	0.37956204379562	NA
1901	OAK	0.544117647058823	NA
1901	PHI	0.592857142857143	NA
1901	PIT	0.647482014388489	League Champion
1901	STL	0.542857142857143	NA
1901	MIN	0.458646616541353	NA
1902	NYY	0.36231884057971	NA
1902	BOS	0.562043795620438	NA
1902	LAD	0.543478260869565	NA
1902	ATL	0.532846715328467	NA
1902	CHW	0.552238805970149	NA
1902	CHC	0.496350364963504	NA
1902	CIN	0.5	NA
1902	CLE	0.507352941176471	NA
1902	DET	0.385185185185185	NA
1902	SFG	0.352941176470588	NA
1902	OAK	0.610294117647059	League Champion
1902	PHI	0.408759124087591	NA
1902	PIT	0.741007194244604	League Champion
1902	BAL	0.573529411764706	NA
1902	STL	0.417910447761194	NA
1902	MIN	0.448529411764706	NA
1903	BOS	0.659420289855073	World Series Champion
1903	LAD	0.514705882352941	NA
1903	ATL	0.420289855072464	NA
1903	CHW	0.437956204379562	NA
1903	CHC	0.594202898550725	NA
1903	CIN	0.532374100719424	NA
1903	CLE	0.55	NA
1903	DET	0.477941176470588	NA
1903	SFG	0.60431654676259	NA
1903	NYY	0.537313432835821	NA
1903	OAK	0.555555555555556	NA
1903	PHI	0.362962962962963	NA
1903	PIT	0.65	League Champion
1903	BAL	0.467625899280576	NA
1903	STL	0.313868613138686	NA
1903	MIN	0.313868613138686	NA
1904	BOS	0.616883116883117	League Champion
1904	LAD	0.366013071895425	NA
1904	ATL	0.359477124183007	NA
1904	CHW	0.577922077922078	NA
1904	CHC	0.607843137254902	NA
1904	CIN	0.57516339869281	NA
1904	CLE	0.56953642384106	NA
1904	DET	0.407894736842105	NA
1904	SFG	0.69281045751634	League Champion
1904	NYY	0.609271523178808	NA
1904	OAK	0.536423841059603	NA
1904	PHI	0.342105263157895	NA
1904	PIT	0.568627450980392	NA
1904	BAL	0.427631578947368	NA
1904	STL	0.487012987012987	NA
1904	MIN	0.251655629139073	NA
1905	BOS	0.513157894736842	NA
1905	LAD	0.315789473684211	NA
1905	ATL	0.331168831168831	NA
1905	CHW	0.605263157894737	NA
1905	CHC	0.601307189542484	NA
1905	CIN	0.516339869281046	NA
1905	CLE	0.493506493506494	NA
1905	DET	0.516339869281046	NA
1905	SFG	0.686274509803922	World Series Champion
1905	NYY	0.476510067114094	NA
1905	OAK	0.621621621621622	League Champion
1905	PHI	0.546052631578947	NA
1905	PIT	0.627450980392157	NA
1905	BAL	0.352941176470588	NA
1905	STL	0.376623376623377	NA
1905	MIN	0.423841059602649	NA
1906	BOS	0.318181818181818	NA
1906	LAD	0.434210526315789	NA
1906	ATL	0.324503311258278	NA
1906	CHW	0.615894039735099	World Series Champion
1906	CHC	0.763157894736842	League Champion
1906	CIN	0.423841059602649	NA
1906	CLE	0.581699346405229	NA
1906	DET	0.476510067114094	NA
1906	SFG	0.631578947368421	NA
1906	NYY	0.596026490066225	NA
1906	OAK	0.537931034482759	NA
1906	PHI	0.464052287581699	NA
1906	PIT	0.607843137254902	NA
1906	BAL	0.51006711409396	NA
1906	STL	0.346666666666667	NA
1906	MIN	0.366666666666667	NA
1907	BOS	0.395973154362416	NA
1907	LAD	0.439189189189189	NA
1907	ATL	0.391891891891892	NA
1907	CHW	0.576158940397351	NA
1907	CHC	0.703947368421053	World Series Champion
1907	CIN	0.431372549019608	NA
1907	CLE	0.559210526315789	NA
1907	DET	0.613333333333333	League Champion
1907	SFG	0.535947712418301	NA
1907	NYY	0.472972972972973	NA
1907	OAK	0.606896551724138	NA
1907	PHI	0.564625850340136	NA
1907	PIT	0.590909090909091	NA
1907	BAL	0.453947368421053	NA
1907	STL	0.339869281045752	NA
1907	MIN	0.324503311258278	NA
1908	BOS	0.487012987012987	NA
1908	LAD	0.344155844155844	NA
1908	ATL	0.409090909090909	NA
1908	CHW	0.578947368421053	NA
1908	CHC	0.642857142857143	World Series Champion
1908	CIN	0.474025974025974	NA
1908	CLE	0.584415584415584	NA
1908	DET	0.588235294117647	League Champion
1908	SFG	0.636363636363636	NA
1908	NYY	0.331168831168831	NA
1908	OAK	0.444444444444444	NA
1908	PHI	0.538961038961039	NA
1908	PIT	0.636363636363636	NA
1908	BAL	0.546052631578947	NA
1908	STL	0.318181818181818	NA
1908	MIN	0.440789473684211	NA
1909	BOS	0.582781456953642	NA
1909	LAD	0.359477124183007	NA
1909	ATL	0.294117647058824	NA
1909	CHW	0.513157894736842	NA
1909	CHC	0.679738562091503	NA
1909	CIN	0.503267973856209	NA
1909	CLE	0.464052287581699	NA
1909	DET	0.644736842105263	League Champion
1909	SFG	0.601307189542484	NA
1909	NYY	0.490066225165563	NA
1909	OAK	0.620915032679739	NA
1909	PHI	0.483660130718954	NA
1909	PIT	0.723684210526316	World Series Champion
1909	BAL	0.406666666666667	NA
1909	STL	0.355263157894737	NA
1909	MIN	0.276315789473684	NA
1910	BOS	0.529411764705882	NA
1910	LAD	0.415584415584416	NA
1910	ATL	0.34640522875817	NA
1910	CHW	0.444444444444444	NA
1910	CHC	0.675324675324675	League Champion
1910	CIN	0.487012987012987	NA
1910	CLE	0.467105263157895	NA
1910	DET	0.558441558441558	NA
1910	SFG	0.590909090909091	NA
1910	NYY	0.582781456953642	NA
1910	OAK	0.68	World Series Champion
1910	PHI	0.509803921568627	NA
1910	PIT	0.562091503267974	NA
1910	BAL	0.305194805194805	NA
1910	STL	0.411764705882353	NA
1910	MIN	0.437086092715232	NA
1911	BOS	0.509803921568627	NA
1911	LAD	0.426666666666667	NA
1911	ATL	0.291390728476821	NA
1911	CHW	0.509933774834437	NA
1911	CHC	0.597402597402597	NA
1911	CIN	0.457516339869281	NA
1911	CLE	0.522875816993464	NA
1911	DET	0.577922077922078	NA
1911	SFG	0.647058823529412	League Champion
1911	NYY	0.5	NA
1911	OAK	0.66887417218543	World Series Champion
1911	PHI	0.519736842105263	NA
1911	PIT	0.551948051948052	NA
1911	BAL	0.296052631578947	NA
1911	STL	0.503355704697987	NA
1911	MIN	0.415584415584416	NA
1912	BOS	0.690789473684211	World Series Champion
1912	LAD	0.379084967320261	NA
1912	ATL	0.339869281045752	NA
1912	CHW	0.506493506493506	NA
1912	CHC	0.606666666666667	NA
1912	CIN	0.490196078431373	NA
1912	CLE	0.490196078431373	NA
1912	DET	0.450980392156863	NA
1912	SFG	0.682119205298013	League Champion
1912	NYY	0.328947368421053	NA
1912	OAK	0.592105263157895	NA
1912	PHI	0.480263157894737	NA
1912	PIT	0.615894039735099	NA
1912	BAL	0.344155844155844	NA
1912	STL	0.411764705882353	NA
1912	MIN	0.598684210526316	NA
1913	BOS	0.526666666666667	NA
1913	LAD	0.436241610738255	NA
1913	ATL	0.456953642384106	NA
1913	CHW	0.513157894736842	NA
1913	CHC	0.57516339869281	NA
1913	CIN	0.418300653594771	NA
1913	CLE	0.565789473684211	NA
1913	DET	0.431372549019608	NA
1913	SFG	0.664473684210526	League Champion
1913	NYY	0.377483443708609	NA
1913	OAK	0.627450980392157	World Series Champion
1913	PHI	0.582781456953642	NA
1913	PIT	0.523489932885906	NA
1913	BAL	0.372549019607843	NA
1913	STL	0.34	NA
1913	MIN	0.584415584415584	NA
1914	BOS	0.594771241830065	NA
1914	LAD	0.487012987012987	NA
1914	ATL	0.61437908496732	World Series Champion
1914	CHW	0.454545454545455	NA
1914	CHC	0.506493506493506	NA
1914	CIN	0.38961038961039	NA
1914	CLE	0.333333333333333	NA
1914	DET	0.522875816993464	NA
1914	SFG	0.545454545454545	NA
1914	NYY	0.454545454545455	NA
1914	OAK	0.651315789473684	League Champion
1914	PHI	0.480519480519481	NA
1914	PIT	0.448051948051948	NA
1914	BAL	0.464052287581699	NA
1914	STL	0.529411764705882	NA
1914	MIN	0.525974025974026	NA
1915	BOS	0.66887417218543	World Series Champion
1915	LAD	0.526315789473684	NA
1915	ATL	0.546052631578947	NA
1915	CHW	0.603896103896104	NA
1915	CHC	0.477124183006536	NA
1915	CIN	0.461038961038961	NA
1915	CLE	0.375	NA
1915	DET	0.649350649350649	NA
1915	SFG	0.453947368421053	NA
1915	NYY	0.453947368421053	NA
1915	OAK	0.282894736842105	NA
1915	PHI	0.592105263157895	League Champion
1915	PIT	0.474025974025974	NA
1915	BAL	0.409090909090909	NA
1915	STL	0.470588235294118	NA
1915	MIN	0.555555555555556	NA
1916	BOS	0.590909090909091	World Series Champion
1916	LAD	0.61038961038961	League Champion
1916	ATL	0.585526315789474	NA
1916	CHW	0.577922077922078	NA
1916	CHC	0.437908496732026	NA
1916	CIN	0.392156862745098	NA
1916	CLE	0.5	NA
1916	DET	0.564935064935065	NA
1916	SFG	0.565789473684211	NA
1916	NYY	0.519480519480519	NA
1916	OAK	0.235294117647059	NA
1916	PHI	0.594771241830065	NA
1916	PIT	0.422077922077922	NA
1916	BAL	0.512987012987013	NA
1916	STL	0.392156862745098	NA
1916	MIN	0.496732026143791	NA
1917	BOS	0.592105263157895	NA
1917	LAD	0.463576158940397	NA
1917	ATL	0.470588235294118	NA
1917	CHW	0.649350649350649	World Series Champion
1917	CHC	0.480519480519481	NA
1917	CIN	0.506493506493506	NA
1917	CLE	0.571428571428571	NA
1917	DET	0.509803921568627	NA
1917	SFG	0.636363636363636	League Champion
1917	NYY	0.464052287581699	NA
1917	OAK	0.359477124183007	NA
1917	PHI	0.572368421052632	NA
1917	PIT	0.331168831168831	NA
1917	BAL	0.37012987012987	NA
1917	STL	0.539473684210526	NA
1917	MIN	0.483660130718954	NA
1918	BOS	0.595238095238095	World Series Champion
1918	LAD	0.452380952380952	NA
1918	ATL	0.42741935483871	NA
1918	CHW	0.459677419354839	NA
1918	CHC	0.651162790697674	League Champion
1918	CIN	0.53125	NA
1918	CLE	0.574803149606299	NA
1918	DET	0.436507936507937	NA
1918	SFG	0.57258064516129	NA
1918	NYY	0.48780487804878	NA
1918	OAK	0.40625	NA
1918	PHI	0.447154471544715	NA
1918	PIT	0.52	NA
1918	BAL	0.475409836065574	NA
1918	STL	0.395348837209302	NA
1918	MIN	0.5625	NA
1919	BOS	0.481751824817518	NA
1919	LAD	0.492857142857143	NA
1919	ATL	0.410071942446043	NA
1919	CHW	0.628571428571429	League Champion
1919	CHC	0.535714285714286	NA
1919	CIN	0.685714285714286	World Series Champion
1919	CLE	0.60431654676259	NA
1919	DET	0.571428571428571	NA
1919	SFG	0.621428571428571	NA
1919	NYY	0.575539568345324	NA
1919	OAK	0.257142857142857	NA
1919	PHI	0.343065693430657	NA
1919	PIT	0.510791366906475	NA
1919	BAL	0.482014388489209	NA
1919	STL	0.394160583941606	NA
1919	MIN	0.4	NA
1920	BOS	0.470588235294118	NA
1920	LAD	0.603896103896104	League Champion
1920	ATL	0.407894736842105	NA
1920	CHW	0.623376623376623	NA
1920	CHC	0.487012987012987	NA
1920	CIN	0.535947712418301	NA
1920	CLE	0.636363636363636	World Series Champion
1920	DET	0.396103896103896	NA
1920	SFG	0.558441558441558	NA
1920	NYY	0.616883116883117	NA
1920	OAK	0.311688311688312	NA
1920	PHI	0.405228758169935	NA
1920	PIT	0.512987012987013	NA
1920	BAL	0.496732026143791	NA
1920	STL	0.487012987012987	NA
1920	MIN	0.447368421052632	NA
1921	BOS	0.487012987012987	NA
1921	LAD	0.506578947368421	NA
1921	ATL	0.516339869281046	NA
1921	CHW	0.402597402597403	NA
1921	CHC	0.418300653594771	NA
1921	CIN	0.457516339869281	NA
1921	CLE	0.61038961038961	NA
1921	DET	0.464052287581699	NA
1921	SFG	0.61437908496732	World Series Champion
1921	NYY	0.640522875816993	League Champion
1921	OAK	0.34640522875817	NA
1921	PHI	0.331168831168831	NA
1921	PIT	0.588235294117647	NA
1921	BAL	0.525974025974026	NA
1921	STL	0.568627450980392	NA
1921	MIN	0.522875816993464	NA
1922	BOS	0.396103896103896	NA
1922	LAD	0.493506493506494	NA
1922	ATL	0.34640522875817	NA
1922	CHW	0.5	NA
1922	CHC	0.519480519480519	NA
1922	CIN	0.558441558441558	NA
1922	CLE	0.506493506493506	NA
1922	DET	0.512987012987013	NA
1922	SFG	0.603896103896104	World Series Champion
1922	NYY	0.61038961038961	League Champion
1922	OAK	0.422077922077922	NA
1922	PHI	0.372549019607843	NA
1922	PIT	0.551948051948052	NA
1922	BAL	0.603896103896104	NA
1922	STL	0.551948051948052	NA
1922	MIN	0.448051948051948	NA
1923	BOS	0.401315789473684	NA
1923	LAD	0.493506493506494	NA
1923	ATL	0.350649350649351	NA
1923	CHW	0.448051948051948	NA
1923	CHC	0.538961038961039	NA
1923	CIN	0.590909090909091	NA
1923	CLE	0.535947712418301	NA
1923	DET	0.538961038961039	NA
1923	SFG	0.620915032679739	League Champion
1923	NYY	0.644736842105263	World Series Champion
1923	OAK	0.453947368421053	NA
1923	PHI	0.324675324675325	NA
1923	PIT	0.564935064935065	NA
1923	BAL	0.486842105263158	NA
1923	STL	0.516339869281046	NA
1923	MIN	0.490196078431373	NA
1924	BOS	0.435064935064935	NA
1924	LAD	0.597402597402597	NA
1924	ATL	0.34640522875817	NA
1924	CHW	0.431372549019608	NA
1924	CHC	0.529411764705882	NA
1924	CIN	0.542483660130719	NA
1924	CLE	0.437908496732026	NA
1924	DET	0.558441558441558	NA
1924	SFG	0.607843137254902	League Champion
1924	NYY	0.585526315789474	NA
1924	OAK	0.467105263157895	NA
1924	PHI	0.364238410596026	NA
1924	PIT	0.588235294117647	NA
1924	BAL	0.486842105263158	NA
1924	STL	0.422077922077922	NA
1924	MIN	0.597402597402597	World Series Champion
1925	BOS	0.309210526315789	NA
1925	LAD	0.444444444444444	NA
1925	ATL	0.457516339869281	NA
1925	CHW	0.512987012987013	NA
1925	CHC	0.441558441558442	NA
1925	CIN	0.522875816993464	NA
1925	CLE	0.454545454545455	NA
1925	DET	0.525974025974026	NA
1925	SFG	0.565789473684211	NA
1925	NYY	0.448051948051948	NA
1925	OAK	0.578947368421053	NA
1925	PHI	0.444444444444444	NA
1925	PIT	0.620915032679739	World Series Champion
1925	BAL	0.535947712418301	NA
1925	STL	0.503267973856209	NA
1925	MIN	0.635761589403974	League Champion
1926	BOS	0.300653594771242	NA
1926	LAD	0.464052287581699	NA
1926	ATL	0.434210526315789	NA
1926	CHW	0.529411764705882	NA
1926	CHC	0.532467532467532	NA
1926	CIN	0.564935064935065	NA
1926	CLE	0.571428571428571	NA
1926	DET	0.512987012987013	NA
1926	SFG	0.490066225165563	NA
1926	NYY	0.590909090909091	League Champion
1926	OAK	0.553333333333333	NA
1926	PHI	0.384105960264901	NA
1926	PIT	0.549019607843137	NA
1926	BAL	0.402597402597403	NA
1926	STL	0.577922077922078	World Series Champion
1926	MIN	0.54	NA
1927	BOS	0.331168831168831	NA
1927	LAD	0.42483660130719	NA
1927	ATL	0.38961038961039	NA
1927	CHW	0.457516339869281	NA
1927	CHC	0.555555555555556	NA
1927	CIN	0.490196078431373	NA
1927	CLE	0.431372549019608	NA
1927	DET	0.535947712418301	NA
1927	SFG	0.597402597402597	NA
1927	NYY	0.714285714285714	World Series Champion
1927	OAK	0.590909090909091	NA
1927	PHI	0.331168831168831	NA
1927	PIT	0.61038961038961	League Champion
1927	BAL	0.38562091503268	NA
1927	STL	0.601307189542484	NA
1927	MIN	0.551948051948052	NA
1928	BOS	0.372549019607843	NA
1928	LAD	0.503267973856209	NA
1928	ATL	0.326797385620915	NA
1928	CHW	0.467532467532468	NA
1928	CHC	0.590909090909091	NA
1928	CIN	0.513157894736842	NA
1928	CLE	0.402597402597403	NA
1928	DET	0.441558441558442	NA
1928	SFG	0.603896103896104	NA
1928	NYY	0.655844155844156	World Series Champion
1928	OAK	0.640522875816993	NA
1928	PHI	0.282894736842105	NA
1928	PIT	0.559210526315789	NA
1928	BAL	0.532467532467532	NA
1928	STL	0.616883116883117	League Champion
1928	MIN	0.487012987012987	NA
1929	BOS	0.376623376623377	NA
1929	LAD	0.457516339869281	NA
1929	ATL	0.363636363636364	NA
1929	CHW	0.388157894736842	NA
1929	CHC	0.644736842105263	League Champion
1929	CIN	0.428571428571429	NA
1929	CLE	0.532894736842105	NA
1929	DET	0.454545454545455	NA
1929	SFG	0.556291390728477	NA
1929	NYY	0.571428571428571	NA
1929	OAK	0.693333333333333	World Series Champion
1929	PHI	0.464052287581699	NA
1929	PIT	0.57516339869281	NA
1929	BAL	0.519736842105263	NA
1929	STL	0.513157894736842	NA
1929	MIN	0.467105263157895	NA
1930	BOS	0.337662337662338	NA
1930	LAD	0.558441558441558	NA
1930	ATL	0.454545454545455	NA
1930	CHW	0.402597402597403	NA
1930	CHC	0.584415584415584	NA
1930	CIN	0.383116883116883	NA
1930	CLE	0.525974025974026	NA
1930	DET	0.487012987012987	NA
1930	SFG	0.564935064935065	NA
1930	NYY	0.558441558441558	NA
1930	OAK	0.662337662337662	World Series Champion
1930	PHI	0.337662337662338	NA
1930	PIT	0.519480519480519	NA
1930	BAL	0.415584415584416	NA
1930	STL	0.597402597402597	League Champion
1930	MIN	0.61038961038961	NA
1931	BOS	0.407894736842105	NA
1931	LAD	0.519736842105263	NA
1931	ATL	0.415584415584416	NA
1931	CHW	0.366013071895425	NA
1931	CHC	0.545454545454545	NA
1931	CIN	0.376623376623377	NA
1931	CLE	0.506493506493506	NA
1931	DET	0.396103896103896	NA
1931	SFG	0.572368421052632	NA
1931	NYY	0.61437908496732	NA
1931	OAK	0.703947368421053	League Champion
1931	PHI	0.428571428571429	NA
1931	PIT	0.487012987012987	NA
1931	BAL	0.409090909090909	NA
1931	STL	0.655844155844156	World Series Champion
1931	MIN	0.597402597402597	NA
1932	BOS	0.279220779220779	NA
1932	LAD	0.525974025974026	NA
1932	ATL	0.5	NA
1932	CHW	0.324503311258278	NA
1932	CHC	0.584415584415584	League Champion
1932	CIN	0.38961038961039	NA
1932	CLE	0.572368421052632	NA
1932	DET	0.503311258278146	NA
1932	SFG	0.467532467532468	NA
1932	NYY	0.694805194805195	World Series Champion
1932	OAK	0.61038961038961	NA
1932	PHI	0.506493506493506	NA
1932	PIT	0.558441558441558	NA
1932	BAL	0.409090909090909	NA
1932	STL	0.467532467532468	NA
1932	MIN	0.603896103896104	NA
1933	BOS	0.422818791946309	NA
1933	LAD	0.42483660130719	NA
1933	ATL	0.538961038961039	NA
1933	CHW	0.446666666666667	NA
1933	CHC	0.558441558441558	NA
1933	CIN	0.381578947368421	NA
1933	CLE	0.496688741721854	NA
1933	DET	0.487012987012987	NA
1933	SFG	0.598684210526316	World Series Champion
1933	NYY	0.606666666666667	NA
1933	OAK	0.52317880794702	NA
1933	PHI	0.394736842105263	NA
1933	PIT	0.564935064935065	NA
1933	BAL	0.364238410596026	NA
1933	STL	0.535947712418301	NA
1933	MIN	0.651315789473684	League Champion
1934	BOS	0.5	NA
1934	LAD	0.467105263157895	NA
1934	ATL	0.516556291390728	NA
1934	CHW	0.348684210526316	NA
1934	CHC	0.56953642384106	NA
1934	CIN	0.344370860927152	NA
1934	CLE	0.551948051948052	NA
1934	DET	0.655844155844156	League Champion
1934	SFG	0.607843137254902	NA
1934	NYY	0.61038961038961	NA
1934	OAK	0.453333333333333	NA
1934	PHI	0.375838926174497	NA
1934	PIT	0.493333333333333	NA
1934	BAL	0.440789473684211	NA
1934	STL	0.620915032679739	World Series Champion
1934	MIN	0.434210526315789	NA
1935	BOS	0.509803921568627	NA
1935	LAD	0.457516339869281	NA
1935	ATL	0.248366013071895	NA
1935	CHW	0.486842105263158	NA
1935	CHC	0.649350649350649	League Champion
1935	CIN	0.444444444444444	NA
1935	CLE	0.535947712418301	NA
1935	DET	0.615894039735099	World Series Champion
1935	SFG	0.594771241830065	NA
1935	NYY	0.597315436241611	NA
1935	OAK	0.389261744966443	NA
1935	PHI	0.418300653594771	NA
1935	PIT	0.562091503267974	NA
1935	BAL	0.427631578947368	NA
1935	STL	0.623376623376623	NA
1935	MIN	0.437908496732026	NA
1936	BOS	0.480519480519481	NA
1936	LAD	0.435064935064935	NA
1936	ATL	0.461038961038961	NA
1936	CHW	0.536423841059603	NA
1936	CHC	0.564935064935065	NA
1936	CIN	0.480519480519481	NA
1936	CLE	0.519480519480519	NA
1936	DET	0.538961038961039	NA
1936	SFG	0.597402597402597	League Champion
1936	NYY	0.666666666666667	World Series Champion
1936	OAK	0.34640522875817	NA
1936	PHI	0.350649350649351	NA
1936	PIT	0.545454545454545	NA
1936	BAL	0.375	NA
1936	STL	0.564935064935065	NA
1936	MIN	0.535947712418301	NA
1937	BOS	0.526315789473684	NA
1937	LAD	0.405228758169935	NA
1937	ATL	0.519736842105263	NA
1937	CHW	0.558441558441558	NA
1937	CHC	0.603896103896104	NA
1937	CIN	0.363636363636364	NA
1937	CLE	0.538961038961039	NA
1937	DET	0.577922077922078	NA
1937	SFG	0.625	League Champion
1937	NYY	0.662337662337662	World Series Champion
1937	OAK	0.357615894039735	NA
1937	PHI	0.398692810457516	NA
1937	PIT	0.558441558441558	NA
1937	BAL	0.298701298701299	NA
1937	STL	0.525974025974026	NA
1937	MIN	0.477124183006536	NA
1938	BOS	0.590604026845638	NA
1938	LAD	0.463087248322148	NA
1938	ATL	0.506578947368421	NA
1938	CHW	0.439189189189189	NA
1938	CHC	0.585526315789474	League Champion
1938	CIN	0.546666666666667	NA
1938	CLE	0.565789473684211	NA
1938	DET	0.545454545454545	NA
1938	SFG	0.553333333333333	NA
1938	NYY	0.651315789473684	World Series Champion
1938	OAK	0.348684210526316	NA
1938	PHI	0.3	NA
1938	PIT	0.573333333333333	NA
1938	BAL	0.361842105263158	NA
1938	STL	0.470198675496689	NA
1938	MIN	0.496688741721854	NA
1939	BOS	0.589403973509934	NA
1939	LAD	0.549019607843137	NA
1939	ATL	0.417218543046358	NA
1939	CHW	0.551948051948052	NA
1939	CHC	0.545454545454545	NA
1939	CIN	0.62987012987013	League Champion
1939	CLE	0.564935064935065	NA
1939	DET	0.525974025974026	NA
1939	SFG	0.509933774834437	NA
1939	NYY	0.701986754966887	World Series Champion
1939	OAK	0.361842105263158	NA
1939	PHI	0.298013245033113	NA
1939	PIT	0.444444444444444	NA
1939	BAL	0.279220779220779	NA
1939	STL	0.601307189542484	NA
1939	MIN	0.427631578947368	NA
1940	BOS	0.532467532467532	NA
1940	LAD	0.57516339869281	NA
1940	ATL	0.427631578947368	NA
1940	CHW	0.532467532467532	NA
1940	CHC	0.487012987012987	NA
1940	CIN	0.65359477124183	World Series Champion
1940	CLE	0.577922077922078	NA
1940	DET	0.584415584415584	League Champion
1940	SFG	0.473684210526316	NA
1940	NYY	0.571428571428571	NA
1940	OAK	0.350649350649351	NA
1940	PHI	0.326797385620915	NA
1940	PIT	0.506493506493506	NA
1940	BAL	0.435064935064935	NA
1940	STL	0.549019607843137	NA
1940	MIN	0.415584415584416	NA
1941	BOS	0.545454545454545	NA
1941	LAD	0.649350649350649	League Champion
1941	ATL	0.402597402597403	NA
1941	CHW	0.5	NA
1941	CHC	0.454545454545455	NA
1941	CIN	0.571428571428571	NA
1941	CLE	0.487012987012987	NA
1941	DET	0.487012987012987	NA
1941	SFG	0.483660130718954	NA
1941	NYY	0.655844155844156	World Series Champion
1941	OAK	0.415584415584416	NA
1941	PHI	0.279220779220779	NA
1941	PIT	0.525974025974026	NA
1941	BAL	0.454545454545455	NA
1941	STL	0.633986928104575	NA
1941	MIN	0.454545454545455	NA
1942	BOS	0.611842105263158	NA
1942	LAD	0.675324675324675	NA
1942	ATL	0.398648648648649	NA
1942	CHW	0.445945945945946	NA
1942	CHC	0.441558441558442	NA
1942	CIN	0.5	NA
1942	CLE	0.487012987012987	NA
1942	DET	0.474025974025974	NA
1942	SFG	0.559210526315789	NA
1942	NYY	0.668831168831169	League Champion
1942	OAK	0.357142857142857	NA
1942	PHI	0.278145695364238	NA
1942	PIT	0.448979591836735	NA
1942	BAL	0.543046357615894	NA
1942	STL	0.688311688311688	World Series Champion
1942	MIN	0.410596026490066	NA
1943	BOS	0.447368421052632	NA
1943	LAD	0.529411764705882	NA
1943	ATL	0.444444444444444	NA
1943	CHW	0.532467532467532	NA
1943	CHC	0.483660130718954	NA
1943	CIN	0.564935064935065	NA
1943	CLE	0.535947712418301	NA
1943	DET	0.506493506493506	NA
1943	SFG	0.359477124183007	NA
1943	NYY	0.636363636363636	World Series Champion
1943	OAK	0.318181818181818	NA
1943	PHI	0.415584415584416	NA
1943	PIT	0.519480519480519	NA
1943	BAL	0.473684210526316	NA
1943	STL	0.681818181818182	League Champion
1943	MIN	0.549019607843137	NA
1944	BOS	0.5	NA
1944	LAD	0.409090909090909	NA
1944	ATL	0.422077922077922	NA
1944	CHW	0.461038961038961	NA
1944	CHC	0.487012987012987	NA
1944	CIN	0.577922077922078	NA
1944	CLE	0.467532467532468	NA
1944	DET	0.571428571428571	NA
1944	SFG	0.435064935064935	NA
1944	NYY	0.538961038961039	NA
1944	OAK	0.467532467532468	NA
1944	PHI	0.398692810457516	NA
1944	PIT	0.588235294117647	NA
1944	BAL	0.577922077922078	League Champion
1944	STL	0.681818181818182	World Series Champion
1944	MIN	0.415584415584416	NA
1945	BOS	0.461038961038961	NA
1945	LAD	0.564935064935065	NA
1945	ATL	0.440789473684211	NA
1945	CHW	0.476510067114094	NA
1945	CHC	0.636363636363636	League Champion
1945	CIN	0.396103896103896	NA
1945	CLE	0.503448275862069	NA
1945	DET	0.57516339869281	World Series Champion
1945	SFG	0.513157894736842	NA
1945	NYY	0.532894736842105	NA
1945	OAK	0.346666666666667	NA
1945	PHI	0.298701298701299	NA
1945	PIT	0.532467532467532	NA
1945	BAL	0.536423841059603	NA
1945	STL	0.616883116883117	NA
1945	MIN	0.564935064935065	NA
1946	BOS	0.675324675324675	League Champion
1946	LAD	0.615384615384615	NA
1946	ATL	0.529411764705882	NA
1946	CHW	0.480519480519481	NA
1946	CHC	0.535947712418301	NA
1946	CIN	0.435064935064935	NA
1946	CLE	0.441558441558442	NA
1946	DET	0.597402597402597	NA
1946	SFG	0.396103896103896	NA
1946	NYY	0.564935064935065	NA
1946	OAK	0.318181818181818	NA
1946	PHI	0.448051948051948	NA
1946	PIT	0.409090909090909	NA
1946	BAL	0.428571428571429	NA
1946	STL	0.628205128205128	World Series Champion
1946	MIN	0.493506493506494	NA
1947	BOS	0.538961038961039	NA
1947	LAD	0.61038961038961	League Champion
1947	ATL	0.558441558441558	NA
1947	CHW	0.454545454545455	NA
1947	CHC	0.448051948051948	NA
1947	CIN	0.474025974025974	NA
1947	CLE	0.519480519480519	NA
1947	DET	0.551948051948052	NA
1947	SFG	0.525974025974026	NA
1947	NYY	0.62987012987013	World Series Champion
1947	OAK	0.506493506493506	NA
1947	PHI	0.402597402597403	NA
1947	PIT	0.402597402597403	NA
1947	BAL	0.383116883116883	NA
1947	STL	0.577922077922078	NA
1947	MIN	0.415584415584416	NA
1948	BOS	0.619354838709677	NA
1948	LAD	0.545454545454545	NA
1948	ATL	0.594771241830065	League Champion
1948	CHW	0.335526315789474	NA
1948	CHC	0.415584415584416	NA
1948	CIN	0.418300653594771	NA
1948	CLE	0.625806451612903	World Series Champion
1948	DET	0.506493506493506	NA
1948	SFG	0.506493506493506	NA
1948	NYY	0.61038961038961	NA
1948	OAK	0.545454545454545	NA
1948	PHI	0.428571428571429	NA
1948	PIT	0.538961038961039	NA
1948	BAL	0.38562091503268	NA
1948	STL	0.551948051948052	NA
1948	MIN	0.366013071895425	NA
1949	BOS	0.623376623376623	NA
1949	LAD	0.62987012987013	League Champion
1949	ATL	0.487012987012987	NA
1949	CHW	0.409090909090909	NA
1949	CHC	0.396103896103896	NA
1949	CIN	0.402597402597403	NA
1949	CLE	0.577922077922078	NA
1949	DET	0.564935064935065	NA
1949	SFG	0.474025974025974	NA
1949	NYY	0.62987012987013	World Series Champion
1949	OAK	0.525974025974026	NA
1949	PHI	0.525974025974026	NA
1949	PIT	0.461038961038961	NA
1949	BAL	0.344155844155844	NA
1949	STL	0.623376623376623	NA
1949	MIN	0.324675324675325	NA
1950	BOS	0.61038961038961	NA
1950	LAD	0.577922077922078	NA
1950	ATL	0.538961038961039	NA
1950	CHW	0.38961038961039	NA
1950	CHC	0.418300653594771	NA
1950	CIN	0.431372549019608	NA
1950	CLE	0.597402597402597	NA
1950	DET	0.616883116883117	NA
1950	SFG	0.558441558441558	NA
1950	NYY	0.636363636363636	World Series Champion
1950	OAK	0.337662337662338	NA
1950	PHI	0.590909090909091	League Champion
1950	PIT	0.372549019607843	NA
1950	BAL	0.376623376623377	NA
1950	STL	0.509803921568627	NA
1950	MIN	0.435064935064935	NA
1951	BOS	0.564935064935065	NA
1951	LAD	0.617834394904459	NA
1951	ATL	0.493506493506494	NA
1951	CHW	0.525974025974026	NA
1951	CHC	0.402597402597403	NA
1951	CIN	0.441558441558442	NA
1951	CLE	0.603896103896104	NA
1951	DET	0.474025974025974	NA
1951	SFG	0.624203821656051	League Champion
1951	NYY	0.636363636363636	World Series Champion
1951	OAK	0.454545454545455	NA
1951	PHI	0.474025974025974	NA
1951	PIT	0.415584415584416	NA
1951	BAL	0.337662337662338	NA
1951	STL	0.525974025974026	NA
1951	MIN	0.402597402597403	NA
1952	BOS	0.493506493506494	NA
1952	LAD	0.627450980392157	League Champion
1952	ATL	0.418300653594771	NA
1952	CHW	0.525974025974026	NA
1952	CHC	0.5	NA
1952	CIN	0.448051948051948	NA
1952	CLE	0.603896103896104	NA
1952	DET	0.324675324675325	NA
1952	SFG	0.597402597402597	NA
1952	NYY	0.616883116883117	World Series Champion
1952	OAK	0.512987012987013	NA
1952	PHI	0.564935064935065	NA
1952	PIT	0.272727272727273	NA
1952	BAL	0.415584415584416	NA
1952	STL	0.571428571428571	NA
1952	MIN	0.506493506493506	NA
1953	BOS	0.549019607843137	NA
1953	LAD	0.681818181818182	League Champion
1953	CHW	0.577922077922078	NA
1953	CHC	0.422077922077922	NA
1953	CIN	0.441558441558442	NA
1953	CLE	0.597402597402597	NA
1953	DET	0.38961038961039	NA
1953	ATL	0.597402597402597	NA
1953	SFG	0.454545454545455	NA
1953	NYY	0.655629139072848	World Series Champion
1953	OAK	0.383116883116883	NA
1953	PHI	0.538961038961039	NA
1953	PIT	0.324675324675325	NA
1953	BAL	0.350649350649351	NA
1953	STL	0.538961038961039	NA
1953	MIN	0.5	NA
1954	BAL	0.350649350649351	NA
1954	BOS	0.448051948051948	NA
1954	LAD	0.597402597402597	NA
1954	CHW	0.61038961038961	NA
1954	CHC	0.415584415584416	NA
1954	CIN	0.480519480519481	NA
1954	CLE	0.720779220779221	League Champion
1954	DET	0.441558441558442	NA
1954	ATL	0.577922077922078	NA
1954	SFG	0.62987012987013	World Series Champion
1954	NYY	0.668831168831169	NA
1954	OAK	0.331168831168831	NA
1954	PHI	0.487012987012987	NA
1954	PIT	0.344155844155844	NA
1954	STL	0.467532467532468	NA
1954	MIN	0.428571428571429	NA
1955	BAL	0.37012987012987	NA
1955	BOS	0.545454545454545	NA
1955	LAD	0.640522875816993	World Series Champion
1955	CHW	0.590909090909091	NA
1955	CHC	0.470588235294118	NA
1955	CIN	0.487012987012987	NA
1955	CLE	0.603896103896104	NA
1955	DET	0.512987012987013	NA
1955	OAK	0.409090909090909	NA
1955	ATL	0.551948051948052	NA
1955	SFG	0.519480519480519	NA
1955	NYY	0.623376623376623	League Champion
1955	PHI	0.5	NA
1955	PIT	0.38961038961039	NA
1955	STL	0.441558441558442	NA
1955	MIN	0.344155844155844	NA
1956	BAL	0.448051948051948	NA
1956	BOS	0.545454545454545	NA
1956	LAD	0.603896103896104	League Champion
1956	CHW	0.551948051948052	NA
1956	CHC	0.38961038961039	NA
1956	CIN	0.590909090909091	NA
1956	CLE	0.571428571428571	NA
1956	DET	0.532467532467532	NA
1956	OAK	0.337662337662338	NA
1956	ATL	0.597402597402597	NA
1956	SFG	0.435064935064935	NA
1956	NYY	0.62987012987013	World Series Champion
1956	PHI	0.461038961038961	NA
1956	PIT	0.428571428571429	NA
1956	STL	0.493506493506494	NA
1956	MIN	0.383116883116883	NA
1957	BAL	0.5	NA
1957	BOS	0.532467532467532	NA
1957	LAD	0.545454545454545	NA
1957	CHW	0.584415584415584	NA
1957	CHC	0.402597402597403	NA
1957	CIN	0.519480519480519	NA
1957	CLE	0.496732026143791	NA
1957	DET	0.506493506493506	NA
1957	OAK	0.38562091503268	NA
1957	ATL	0.616883116883117	World Series Champion
1957	SFG	0.448051948051948	NA
1957	NYY	0.636363636363636	League Champion
1957	PHI	0.5	NA
1957	PIT	0.402597402597403	NA
1957	STL	0.564935064935065	NA
1957	MIN	0.357142857142857	NA
1958	BAL	0.483660130718954	NA
1958	BOS	0.512987012987013	NA
1958	CHW	0.532467532467532	NA
1958	CHC	0.467532467532468	NA
1958	CIN	0.493506493506494	NA
1958	CLE	0.503267973856209	NA
1958	DET	0.5	NA
1958	OAK	0.474025974025974	NA
1958	LAD	0.461038961038961	NA
1958	ATL	0.597402597402597	League Champion
1958	NYY	0.597402597402597	World Series Champion
1958	PHI	0.448051948051948	NA
1958	PIT	0.545454545454545	NA
1958	SFG	0.519480519480519	NA
1958	STL	0.467532467532468	NA
1958	MIN	0.396103896103896	NA
1959	BAL	0.480519480519481	NA
1959	BOS	0.487012987012987	NA
1959	CHW	0.61038961038961	League Champion
1959	CHC	0.480519480519481	NA
1959	CIN	0.480519480519481	NA
1959	CLE	0.577922077922078	NA
1959	DET	0.493506493506494	NA
1959	OAK	0.428571428571429	NA
1959	LAD	0.564102564102564	World Series Champion
1959	ATL	0.551282051282051	NA
1959	NYY	0.512987012987013	NA
1959	PHI	0.415584415584416	NA
1959	PIT	0.506493506493506	NA
1959	SFG	0.538961038961039	NA
1959	STL	0.461038961038961	NA
1959	MIN	0.409090909090909	NA
1960	BAL	0.577922077922078	NA
1960	BOS	0.422077922077922	NA
1960	CHW	0.564935064935065	NA
1960	CHC	0.38961038961039	NA
1960	CIN	0.435064935064935	NA
1960	CLE	0.493506493506494	NA
1960	DET	0.461038961038961	NA
1960	OAK	0.376623376623377	NA
1960	LAD	0.532467532467532	NA
1960	ATL	0.571428571428571	NA
1960	NYY	0.62987012987013	League Champion
1960	PHI	0.383116883116883	NA
1960	PIT	0.616883116883117	World Series Champion
1960	SFG	0.512987012987013	NA
1960	STL	0.558441558441558	NA
1960	MIN	0.474025974025974	NA
1961	BAL	0.58641975308642	NA
1961	BOS	0.469135802469136	NA
1961	CHW	0.530864197530864	NA
1961	CHC	0.415584415584416	NA
1961	CIN	0.603896103896104	League Champion
1961	CLE	0.484472049689441	NA
1961	DET	0.623456790123457	NA
1961	OAK	0.37888198757764	NA
1961	ANA	0.434782608695652	NA
1961	LAD	0.577922077922078	NA
1961	MIN	0.4375	NA
1961	ATL	0.538961038961039	NA
1961	NYY	0.672839506172839	World Series Champion
1961	PHI	0.305194805194805	NA
1961	PIT	0.487012987012987	NA
1961	SFG	0.551948051948052	NA
1961	STL	0.519480519480519	NA
1961	TEX	0.37888198757764	NA
1962	BAL	0.475308641975309	NA
1962	BOS	0.475	NA
1962	CHW	0.524691358024691	NA
1962	CHC	0.364197530864198	NA
1962	CIN	0.604938271604938	NA
1962	CLE	0.493827160493827	NA
1962	DET	0.527950310559006	NA
1962	HOU	0.4	NA
1962	OAK	0.444444444444444	NA
1962	ANA	0.530864197530864	NA
1962	LAD	0.618181818181818	NA
1962	MIN	0.561728395061728	NA
1962	ATL	0.530864197530864	NA
1962	NYY	0.592592592592593	World Series Champion
1962	NYM	0.25	NA
1962	PHI	0.503105590062112	NA
1962	PIT	0.577639751552795	NA
1962	SFG	0.624242424242424	League Champion
1962	STL	0.518518518518518	NA
1962	TEX	0.372670807453416	NA
1963	BAL	0.530864197530864	NA
1963	BOS	0.472049689440994	NA
1963	CHW	0.580246913580247	NA
1963	CHC	0.506172839506173	NA
1963	CIN	0.530864197530864	NA
1963	CLE	0.487654320987654	NA
1963	DET	0.487654320987654	NA
1963	HOU	0.407407407407407	NA
1963	OAK	0.450617283950617	NA
1963	ANA	0.434782608695652	NA
1963	LAD	0.611111111111111	World Series Champion
1963	MIN	0.565217391304348	NA
1963	ATL	0.518518518518518	NA
1963	NYY	0.645962732919255	League Champion
1963	NYM	0.314814814814815	NA
1963	PHI	0.537037037037037	NA
1963	PIT	0.45679012345679	NA
1963	SFG	0.54320987654321	NA
1963	STL	0.574074074074074	NA
1963	TEX	0.345679012345679	NA
1964	BAL	0.598765432098765	NA
1964	BOS	0.444444444444444	NA
1964	CHW	0.604938271604938	NA
1964	CHC	0.469135802469136	NA
1964	CIN	0.567901234567901	NA
1964	CLE	0.487654320987654	NA
1964	DET	0.524691358024691	NA
1964	HOU	0.407407407407407	NA
1964	OAK	0.351851851851852	NA
1964	ANA	0.506172839506173	NA
1964	LAD	0.493827160493827	NA
1964	MIN	0.487654320987654	NA
1964	ATL	0.54320987654321	NA
1964	NYY	0.611111111111111	League Champion
1964	NYM	0.327160493827161	NA
1964	PHI	0.567901234567901	NA
1964	PIT	0.493827160493827	NA
1964	SFG	0.555555555555556	NA
1964	STL	0.574074074074074	World Series Champion
1964	TEX	0.382716049382716	NA
1965	BAL	0.580246913580247	NA
1965	BOS	0.382716049382716	NA
1965	ANA	0.462962962962963	NA
1965	CHW	0.58641975308642	NA
1965	CHC	0.444444444444444	NA
1965	CIN	0.549382716049383	NA
1965	CLE	0.537037037037037	NA
1965	DET	0.549382716049383	NA
1965	HOU	0.401234567901235	NA
1965	OAK	0.364197530864198	NA
1965	LAD	0.598765432098765	World Series Champion
1965	MIN	0.62962962962963	League Champion
1965	ATL	0.530864197530864	NA
1965	NYY	0.475308641975309	NA
1965	NYM	0.308641975308642	NA
1965	PHI	0.527950310559006	NA
1965	PIT	0.555555555555556	NA
1965	SFG	0.58641975308642	NA
1965	STL	0.496894409937888	NA
1965	TEX	0.432098765432099	NA
1966	ATL	0.524691358024691	NA
1966	BAL	0.60625	World Series Champion
1966	BOS	0.444444444444444	NA
1966	ANA	0.493827160493827	NA
1966	CHW	0.512345679012346	NA
1966	CHC	0.364197530864198	NA
1966	CIN	0.475	NA
1966	CLE	0.5	NA
1966	DET	0.54320987654321	NA
1966	HOU	0.444444444444444	NA
1966	OAK	0.4625	NA
1966	LAD	0.58641975308642	League Champion
1966	MIN	0.549382716049383	NA
1966	NYY	0.440251572327044	NA
1966	NYM	0.409937888198758	NA
1966	PHI	0.537037037037037	NA
1966	PIT	0.567901234567901	NA
1966	SFG	0.577639751552795	NA
1966	STL	0.512345679012346	NA
1966	TEX	0.446540880503145	NA
1967	ATL	0.475308641975309	NA
1967	BAL	0.472049689440994	NA
1967	BOS	0.567901234567901	League Champion
1967	ANA	0.521739130434783	NA
1967	CHW	0.549382716049383	NA
1967	CHC	0.540372670807453	NA
1967	CIN	0.537037037037037	NA
1967	CLE	0.462962962962963	NA
1967	DET	0.561728395061728	NA
1967	HOU	0.425925925925926	NA
1967	OAK	0.385093167701863	NA
1967	LAD	0.450617283950617	NA
1967	MIN	0.561728395061728	NA
1967	NYY	0.444444444444444	NA
1967	NYM	0.376543209876543	NA
1967	PHI	0.506172839506173	NA
1967	PIT	0.5	NA
1967	SFG	0.561728395061728	NA
1967	STL	0.627329192546584	World Series Champion
1967	TEX	0.472049689440994	NA
1968	ATL	0.5	NA
1968	BAL	0.561728395061728	NA
1968	BOS	0.530864197530864	NA
1968	ANA	0.41358024691358	NA
1968	CHW	0.41358024691358	NA
1968	CHC	0.518518518518518	NA
1968	CIN	0.512345679012346	NA
1968	CLE	0.53416149068323	NA
1968	DET	0.635802469135803	World Series Champion
1968	HOU	0.444444444444444	NA
1968	LAD	0.469135802469136	NA
1968	MIN	0.487654320987654	NA
1968	NYY	0.512345679012346	NA
1968	NYM	0.450617283950617	NA
1968	OAK	0.506172839506173	NA
1968	PHI	0.469135802469136	NA
1968	PIT	0.493827160493827	NA
1968	SFG	0.54320987654321	NA
1968	STL	0.598765432098765	League Champion
1968	TEX	0.403726708074534	NA
1969	ATL	0.574074074074074	Division Winner
1969	BAL	0.672839506172839	League Champion
1969	BOS	0.537037037037037	NA
1969	ANA	0.438271604938272	NA
1969	CHW	0.419753086419753	NA
1969	CHC	0.567901234567901	NA
1969	CIN	0.549382716049383	NA
1969	CLE	0.385093167701863	NA
1969	DET	0.555555555555556	NA
1969	HOU	0.5	NA
1969	KCR	0.425925925925926	NA
1969	LAD	0.524691358024691	NA
1969	MIN	0.598765432098765	Division Winner
1969	WSN	0.320987654320988	NA
1969	NYY	0.496894409937888	NA
1969	NYM	0.617283950617284	World Series Champion
1969	OAK	0.54320987654321	NA
1969	PHI	0.388888888888889	NA
1969	PIT	0.54320987654321	NA
1969	SDP	0.320987654320988	NA
1969	MIL	0.395061728395062	NA
1969	SFG	0.555555555555556	NA
1969	STL	0.537037037037037	NA
1969	TEX	0.530864197530864	NA
1970	ATL	0.469135802469136	NA
1970	BAL	0.666666666666667	World Series Champion
1970	BOS	0.537037037037037	NA
1970	ANA	0.530864197530864	NA
1970	CHW	0.345679012345679	NA
1970	CHC	0.518518518518518	NA
1970	CIN	0.62962962962963	League Champion
1970	CLE	0.469135802469136	NA
1970	DET	0.487654320987654	NA
1970	HOU	0.487654320987654	NA
1970	KCR	0.401234567901235	NA
1970	LAD	0.540372670807453	NA
1970	MIN	0.604938271604938	Division Winner
1970	MIL	0.401234567901235	NA
1970	WSN	0.450617283950617	NA
1970	NYY	0.574074074074074	NA
1970	NYM	0.512345679012346	NA
1970	OAK	0.549382716049383	NA
1970	PHI	0.453416149068323	NA
1970	PIT	0.549382716049383	Division Winner
1970	SDP	0.388888888888889	NA
1970	SFG	0.530864197530864	NA
1970	STL	0.469135802469136	NA
1970	TEX	0.432098765432099	NA
1971	ATL	0.506172839506173	NA
1971	BAL	0.639240506329114	League Champion
1971	BOS	0.524691358024691	NA
1971	ANA	0.469135802469136	NA
1971	CHW	0.487654320987654	NA
1971	CHC	0.512345679012346	NA
1971	CIN	0.487654320987654	NA
1971	CLE	0.37037037037037	NA
1971	DET	0.561728395061728	NA
1971	HOU	0.487654320987654	NA
1971	KCR	0.527950310559006	NA
1971	LAD	0.549382716049383	NA
1971	MIN	0.4625	NA
1971	MIL	0.428571428571429	NA
1971	WSN	0.440993788819876	NA
1971	NYY	0.506172839506173	NA
1971	NYM	0.512345679012346	NA
1971	OAK	0.627329192546584	Division Winner
1971	PHI	0.41358024691358	NA
1971	PIT	0.598765432098765	World Series Champion
1971	SDP	0.37888198757764	NA
1971	SFG	0.555555555555556	Division Winner
1971	STL	0.555555555555556	NA
1971	TEX	0.39622641509434	NA
1972	ATL	0.454545454545455	NA
1972	BAL	0.519480519480519	NA
1972	BOS	0.548387096774194	NA
1972	ANA	0.483870967741935	NA
1972	CHW	0.564935064935065	NA
1972	CHC	0.548387096774194	NA
1972	CIN	0.616883116883117	League Champion
1972	CLE	0.461538461538462	NA
1972	DET	0.551282051282051	Division Winner
1972	HOU	0.549019607843137	NA
1972	KCR	0.493506493506494	NA
1972	LAD	0.548387096774194	NA
1972	MIN	0.5	NA
1972	MIL	0.416666666666667	NA
1972	WSN	0.448717948717949	NA
1972	NYY	0.509677419354839	NA
1972	NYM	0.532051282051282	NA
1972	OAK	0.6	World Series Champion
1972	PHI	0.378205128205128	NA
1972	PIT	0.619354838709677	Division Winner
1972	SDP	0.379084967320261	NA
1972	SFG	0.445161290322581	NA
1972	STL	0.480769230769231	NA
1972	TEX	0.350649350649351	NA
1973	ATL	0.472049689440994	NA
1973	BAL	0.598765432098765	Division Winner
1973	BOS	0.549382716049383	NA
1973	ANA	0.487654320987654	NA
1973	CHW	0.475308641975309	NA
1973	CHC	0.478260869565217	NA
1973	CIN	0.611111111111111	Division Winner
1973	CLE	0.438271604938272	NA
1973	DET	0.524691358024691	NA
1973	HOU	0.506172839506173	NA
1973	KCR	0.54320987654321	NA
1973	LAD	0.590062111801242	NA
1973	MIN	0.5	NA
1973	MIL	0.45679012345679	NA
1973	WSN	0.487654320987654	NA
1973	NYY	0.493827160493827	NA
1973	NYM	0.509316770186335	League Champion
1973	OAK	0.580246913580247	World Series Champion
1973	PHI	0.438271604938272	NA
1973	PIT	0.493827160493827	NA
1973	SDP	0.37037037037037	NA
1973	SFG	0.54320987654321	NA
1973	STL	0.5	NA
1973	TEX	0.351851851851852	NA
1974	ATL	0.54320987654321	NA
1974	BAL	0.561728395061728	Division Winner
1974	BOS	0.518518518518518	NA
1974	ANA	0.419753086419753	NA
1974	CHW	0.5	NA
1974	CHC	0.407407407407407	NA
1974	CIN	0.604938271604938	NA
1974	CLE	0.475308641975309	NA
1974	DET	0.444444444444444	NA
1974	HOU	0.5	NA
1974	KCR	0.475308641975309	NA
1974	LAD	0.62962962962963	League Champion
1974	MIN	0.506172839506173	NA
1974	MIL	0.469135802469136	NA
1974	WSN	0.490683229813665	NA
1974	NYY	0.549382716049383	NA
1974	NYM	0.438271604938272	NA
1974	OAK	0.555555555555556	World Series Champion
1974	PHI	0.493827160493827	NA
1974	PIT	0.54320987654321	Division Winner
1974	SDP	0.37037037037037	NA
1974	SFG	0.444444444444444	NA
1974	STL	0.53416149068323	NA
1974	TEX	0.525	NA
1975	ATL	0.416149068322981	NA
1975	BAL	0.566037735849057	NA
1975	BOS	0.59375	League Champion
1975	ANA	0.447204968944099	NA
1975	CHW	0.46583850931677	NA
1975	CHC	0.462962962962963	NA
1975	CIN	0.666666666666667	World Series Champion
1975	CLE	0.49685534591195	NA
1975	DET	0.358490566037736	NA
1975	HOU	0.397515527950311	NA
1975	KCR	0.561728395061728	NA
1975	LAD	0.54320987654321	NA
1975	MIN	0.477987421383648	NA
1975	MIL	0.419753086419753	NA
1975	WSN	0.462962962962963	NA
1975	NYY	0.51875	NA
1975	NYM	0.506172839506173	NA
1975	OAK	0.604938271604938	Division Winner
1975	PHI	0.530864197530864	NA
1975	PIT	0.571428571428571	Division Winner
1975	SDP	0.438271604938272	NA
1975	SFG	0.496894409937888	NA
1975	STL	0.506172839506173	NA
1975	TEX	0.487654320987654	NA
1976	ATL	0.432098765432099	NA
1976	BAL	0.54320987654321	NA
1976	BOS	0.512345679012346	NA
1976	ANA	0.469135802469136	NA
1976	CHW	0.397515527950311	NA
1976	CHC	0.462962962962963	NA
1976	CIN	0.62962962962963	World Series Champion
1976	CLE	0.509433962264151	NA
1976	DET	0.459627329192547	NA
1976	HOU	0.493827160493827	NA
1976	KCR	0.555555555555556	Division Winner
1976	LAD	0.567901234567901	NA
1976	MIN	0.524691358024691	NA
1976	MIL	0.409937888198758	NA
1976	WSN	0.339506172839506	NA
1976	NYY	0.610062893081761	League Champion
1976	NYM	0.530864197530864	NA
1976	OAK	0.540372670807453	NA
1976	PHI	0.623456790123457	Division Winner
1976	PIT	0.567901234567901	NA
1976	SDP	0.450617283950617	NA
1976	SFG	0.45679012345679	NA
1976	STL	0.444444444444444	NA
1976	TEX	0.469135802469136	NA
1977	ATL	0.376543209876543	NA
1977	BAL	0.602484472049689	NA
1977	BOS	0.602484472049689	NA
1977	ANA	0.45679012345679	NA
1977	CHW	0.555555555555556	NA
1977	CHC	0.5	NA
1977	CIN	0.54320987654321	NA
1977	CLE	0.440993788819876	NA
1977	DET	0.45679012345679	NA
1977	HOU	0.5	NA
1977	KCR	0.62962962962963	Division Winner
1977	LAD	0.604938271604938	League Champion
1977	MIN	0.521739130434783	NA
1977	MIL	0.41358024691358	NA
1977	WSN	0.462962962962963	NA
1977	NYY	0.617283950617284	World Series Champion
1977	NYM	0.395061728395062	NA
1977	OAK	0.391304347826087	NA
1977	PHI	0.623456790123457	Division Winner
1977	PIT	0.592592592592593	NA
1977	SDP	0.425925925925926	NA
1977	SEA	0.395061728395062	NA
1977	SFG	0.462962962962963	NA
1977	STL	0.512345679012346	NA
1977	TEX	0.580246913580247	NA
1977	TOR	0.335403726708075	NA
1978	ATL	0.425925925925926	NA
1978	BAL	0.559006211180124	NA
1978	BOS	0.607361963190184	NA
1978	ANA	0.537037037037037	NA
1978	CHW	0.440993788819876	NA
1978	CHC	0.487654320987654	NA
1978	CIN	0.571428571428571	NA
1978	CLE	0.433962264150943	NA
1978	DET	0.530864197530864	NA
1978	HOU	0.45679012345679	NA
1978	KCR	0.567901234567901	Division Winner
1978	LAD	0.58641975308642	League Champion
1978	MIN	0.450617283950617	NA
1978	MIL	0.574074074074074	NA
1978	WSN	0.469135802469136	NA
1978	NYY	0.613496932515337	World Series Champion
1978	NYM	0.407407407407407	NA
1978	OAK	0.425925925925926	NA
1978	PHI	0.555555555555556	Division Winner
1978	PIT	0.546583850931677	NA
1978	SDP	0.518518518518518	NA
1978	SEA	0.35	NA
1978	SFG	0.549382716049383	NA
1978	STL	0.425925925925926	NA
1978	TEX	0.537037037037037	NA
1978	TOR	0.366459627329193	NA
1979	ATL	0.4125	NA
1979	BAL	0.641509433962264	League Champion
1979	BOS	0.56875	NA
1979	ANA	0.54320987654321	Division Winner
1979	CHW	0.45625	NA
1979	CHC	0.493827160493827	NA
1979	CIN	0.559006211180124	Division Winner
1979	CLE	0.503105590062112	NA
1979	DET	0.527950310559006	NA
1979	HOU	0.549382716049383	NA
1979	KCR	0.524691358024691	NA
1979	LAD	0.487654320987654	NA
1979	MIN	0.506172839506173	NA
1979	MIL	0.590062111801242	NA
1979	WSN	0.59375	NA
1979	NYY	0.55625	NA
1979	NYM	0.388888888888889	NA
1979	OAK	0.333333333333333	NA
1979	PHI	0.518518518518518	NA
1979	PIT	0.604938271604938	World Series Champion
1979	SDP	0.422360248447205	NA
1979	SEA	0.41358024691358	NA
1979	SFG	0.438271604938272	NA
1979	STL	0.530864197530864	NA
1979	TEX	0.512345679012346	NA
1979	TOR	0.327160493827161	NA
1980	ATL	0.503105590062112	NA
1980	BAL	0.617283950617284	NA
1980	BOS	0.51875	NA
1980	ANA	0.40625	NA
1980	CHW	0.4375	NA
1980	CHC	0.395061728395062	NA
1980	CIN	0.549382716049383	NA
1980	CLE	0.49375	NA
1980	DET	0.518518518518518	NA
1980	HOU	0.570552147239264	Division Winner
1980	KCR	0.598765432098765	League Champion
1980	LAD	0.56441717791411	NA
1980	MIN	0.478260869565217	NA
1980	MIL	0.530864197530864	NA
1980	WSN	0.555555555555556	NA
1980	NYY	0.635802469135803	Division Winner
1980	NYM	0.41358024691358	NA
1980	OAK	0.512345679012346	NA
1980	PHI	0.561728395061728	World Series Champion
1980	PIT	0.512345679012346	NA
1980	SDP	0.450617283950617	NA
1980	SEA	0.364197530864198	NA
1980	SFG	0.46583850931677	NA
1980	STL	0.45679012345679	NA
1980	TEX	0.472049689440994	NA
1980	TOR	0.41358024691358	NA
1981	ATL	0.471698113207547	NA
1981	BAL	0.561904761904762	NA
1981	BOS	0.546296296296296	NA
1981	ANA	0.463636363636364	NA
1981	CHW	0.509433962264151	NA
1981	CHC	0.368932038834951	NA
1981	CIN	0.611111111111111	NA
1981	CLE	0.504854368932039	NA
1981	DET	0.55045871559633	NA
1981	HOU	0.554545454545455	Division Winner
1981	KCR	0.485436893203884	Division Winner
1981	LAD	0.572727272727273	World Series Champion
1981	MIN	0.376146788990826	NA
1981	MIL	0.568807339449541	Division Winner
1981	WSN	0.555555555555556	Division Winner
1981	NYY	0.551401869158878	League Champion
1981	NYM	0.398058252427184	NA
1981	OAK	0.587155963302752	Division Winner
1981	PHI	0.551401869158878	Division Winner
1981	PIT	0.450980392156863	NA
1981	SDP	0.372727272727273	NA
1981	SEA	0.403669724770642	NA
1981	SFG	0.504504504504504	NA
1981	STL	0.57843137254902	NA
1981	TEX	0.542857142857143	NA
1981	TOR	0.349056603773585	NA
1982	ATL	0.549382716049383	Division Winner
1982	BAL	0.580246913580247	NA
1982	BOS	0.549382716049383	NA
1982	ANA	0.574074074074074	Division Winner
1982	CHW	0.537037037037037	NA
1982	CHC	0.450617283950617	NA
1982	CIN	0.376543209876543	NA
1982	CLE	0.481481481481481	NA
1982	DET	0.512345679012346	NA
1982	HOU	0.475308641975309	NA
1982	KCR	0.555555555555556	NA
1982	LAD	0.54320987654321	NA
1982	MIN	0.37037037037037	NA
1982	MIL	0.58641975308642	League Champion
1982	WSN	0.530864197530864	NA
1982	NYY	0.487654320987654	NA
1982	NYM	0.401234567901235	NA
1982	OAK	0.419753086419753	NA
1982	PHI	0.549382716049383	NA
1982	PIT	0.518518518518518	NA
1982	SDP	0.5	NA
1982	SEA	0.469135802469136	NA
1982	SFG	0.537037037037037	NA
1982	STL	0.567901234567901	World Series Champion
1982	TEX	0.395061728395062	NA
1982	TOR	0.481481481481481	NA
1983	ATL	0.54320987654321	NA
1983	BAL	0.604938271604938	World Series Champion
1983	BOS	0.481481481481481	NA
1983	ANA	0.432098765432099	NA
1983	CHW	0.611111111111111	Division Winner
1983	CHC	0.438271604938272	NA
1983	CIN	0.45679012345679	NA
1983	CLE	0.432098765432099	NA
1983	DET	0.567901234567901	NA
1983	HOU	0.524691358024691	NA
1983	KCR	0.487654320987654	NA
1983	LAD	0.561728395061728	Division Winner
1983	MIN	0.432098765432099	NA
1983	MIL	0.537037037037037	NA
1983	WSN	0.506172839506173	NA
1983	NYY	0.561728395061728	NA
1983	NYM	0.419753086419753	NA
1983	OAK	0.45679012345679	NA
1983	PHI	0.555555555555556	League Champion
1983	PIT	0.518518518518518	NA
1983	SDP	0.5	NA
1983	SEA	0.37037037037037	NA
1983	SFG	0.487654320987654	NA
1983	STL	0.487654320987654	NA
1983	TEX	0.475308641975309	NA
1983	TOR	0.549382716049383	NA
1984	ATL	0.493827160493827	NA
1984	BAL	0.524691358024691	NA
1984	BOS	0.530864197530864	NA
1984	ANA	0.5	NA
1984	CHW	0.45679012345679	NA
1984	CHC	0.596273291925466	Division Winner
1984	CIN	0.432098765432099	NA
1984	CLE	0.462962962962963	NA
1984	DET	0.641975308641975	World Series Champion
1984	HOU	0.493827160493827	NA
1984	KCR	0.518518518518518	Division Winner
1984	LAD	0.487654320987654	NA
1984	MIN	0.5	NA
1984	MIL	0.416149068322981	NA
1984	WSN	0.484472049689441	NA
1984	NYY	0.537037037037037	NA
1984	NYM	0.555555555555556	NA
1984	OAK	0.475308641975309	NA
1984	PHI	0.5	NA
1984	PIT	0.462962962962963	NA
1984	SDP	0.567901234567901	League Champion
1984	SEA	0.45679012345679	NA
1984	SFG	0.407407407407407	NA
1984	STL	0.518518518518518	NA
1984	TEX	0.428571428571429	NA
1984	TOR	0.549382716049383	NA
1985	ATL	0.407407407407407	NA
1985	BAL	0.515527950310559	NA
1985	BOS	0.5	NA
1985	ANA	0.555555555555556	NA
1985	CHW	0.524691358024691	NA
1985	CHC	0.478260869565217	NA
1985	CIN	0.552795031055901	NA
1985	CLE	0.37037037037037	NA
1985	DET	0.521739130434783	NA
1985	HOU	0.512345679012346	NA
1985	KCR	0.561728395061728	World Series Champion
1985	LAD	0.58641975308642	Division Winner
1985	MIN	0.475308641975309	NA
1985	MIL	0.440993788819876	NA
1985	WSN	0.521739130434783	NA
1985	NYY	0.602484472049689	NA
1985	NYM	0.604938271604938	NA
1985	OAK	0.475308641975309	NA
1985	PHI	0.462962962962963	NA
1985	PIT	0.354037267080745	NA
1985	SDP	0.512345679012346	NA
1985	SEA	0.45679012345679	NA
1985	SFG	0.382716049382716	NA
1985	STL	0.623456790123457	League Champion
1985	TEX	0.385093167701863	NA
1985	TOR	0.614906832298137	Division Winner
1986	ATL	0.447204968944099	NA
1986	BAL	0.450617283950617	NA
1986	BOS	0.590062111801242	League Champion
1986	ANA	0.567901234567901	Division Winner
1986	CHW	0.444444444444444	NA
1986	CHC	0.4375	NA
1986	CIN	0.530864197530864	NA
1986	CLE	0.518518518518518	NA
1986	DET	0.537037037037037	NA
1986	HOU	0.592592592592593	Division Winner
1986	KCR	0.469135802469136	NA
1986	LAD	0.450617283950617	NA
1986	MIN	0.438271604938272	NA
1986	MIL	0.478260869565217	NA
1986	WSN	0.484472049689441	NA
1986	NYY	0.555555555555556	NA
1986	NYM	0.666666666666667	World Series Champion
1986	OAK	0.469135802469136	NA
1986	PHI	0.53416149068323	NA
1986	PIT	0.395061728395062	NA
1986	SDP	0.45679012345679	NA
1986	SEA	0.41358024691358	NA
1986	SFG	0.512345679012346	NA
1986	STL	0.490683229813665	NA
1986	TEX	0.537037037037037	NA
1986	TOR	0.530864197530864	NA
1987	ATL	0.428571428571429	NA
1987	BAL	0.41358024691358	NA
1987	BOS	0.481481481481481	NA
1987	ANA	0.462962962962963	NA
1987	CHW	0.475308641975309	NA
1987	CHC	0.472049689440994	NA
1987	CIN	0.518518518518518	NA
1987	CLE	0.376543209876543	NA
1987	DET	0.604938271604938	Division Winner
1987	HOU	0.469135802469136	NA
1987	KCR	0.512345679012346	NA
1987	LAD	0.450617283950617	NA
1987	MIN	0.524691358024691	World Series Champion
1987	MIL	0.561728395061728	NA
1987	WSN	0.561728395061728	NA
1987	NYY	0.549382716049383	NA
1987	NYM	0.567901234567901	NA
1987	OAK	0.5	NA
1987	PHI	0.493827160493827	NA
1987	PIT	0.493827160493827	NA
1987	SDP	0.401234567901235	NA
1987	SEA	0.481481481481481	NA
1987	SFG	0.555555555555556	Division Winner
1987	STL	0.58641975308642	League Champion
1987	TEX	0.462962962962963	NA
1987	TOR	0.592592592592593	NA
1988	ATL	0.3375	NA
1988	BAL	0.335403726708075	NA
1988	BOS	0.549382716049383	Division Winner
1988	ANA	0.462962962962963	NA
1988	CHW	0.440993788819876	NA
1988	CHC	0.475308641975309	NA
1988	CIN	0.540372670807453	NA
1988	CLE	0.481481481481481	NA
1988	DET	0.54320987654321	NA
1988	HOU	0.506172839506173	NA
1988	KCR	0.521739130434783	NA
1988	LAD	0.583850931677019	World Series Champion
1988	MIN	0.561728395061728	NA
1988	MIL	0.537037037037037	NA
1988	WSN	0.5	NA
1988	NYY	0.527950310559006	NA
1988	NYM	0.625	Division Winner
1988	OAK	0.641975308641975	League Champion
1988	PHI	0.403726708074534	NA
1988	PIT	0.53125	NA
1988	SDP	0.515527950310559	NA
1988	SEA	0.422360248447205	NA
1988	SFG	0.512345679012346	NA
1988	STL	0.469135802469136	NA
1988	TEX	0.434782608695652	NA
1988	TOR	0.537037037037037	NA
1989	ATL	0.39375	NA
1989	BAL	0.537037037037037	NA
1989	BOS	0.512345679012346	NA
1989	ANA	0.561728395061728	NA
1989	CHW	0.428571428571429	NA
1989	CHC	0.574074074074074	Division Winner
1989	CIN	0.462962962962963	NA
1989	CLE	0.450617283950617	NA
1989	DET	0.364197530864198	NA
1989	HOU	0.530864197530864	NA
1989	KCR	0.567901234567901	NA
1989	LAD	0.48125	NA
1989	MIN	0.493827160493827	NA
1989	MIL	0.5	NA
1989	WSN	0.5	NA
1989	NYY	0.459627329192547	NA
1989	NYM	0.537037037037037	NA
1989	OAK	0.611111111111111	World Series Champion
1989	PHI	0.41358024691358	NA
1989	PIT	0.45679012345679	NA
1989	SDP	0.549382716049383	NA
1989	SEA	0.450617283950617	NA
1989	SFG	0.567901234567901	League Champion
1989	STL	0.530864197530864	NA
1989	TEX	0.512345679012346	NA
1989	TOR	0.549382716049383	Division Winner
1990	ATL	0.401234567901235	NA
1990	BAL	0.472049689440994	NA
1990	BOS	0.54320987654321	Division Winner
1990	ANA	0.493827160493827	NA
1990	CHW	0.580246913580247	NA
1990	CHC	0.475308641975309	NA
1990	CIN	0.561728395061728	World Series Champion
1990	CLE	0.475308641975309	NA
1990	DET	0.487654320987654	NA
1990	HOU	0.462962962962963	NA
1990	KCR	0.46583850931677	NA
1990	LAD	0.530864197530864	NA
1990	MIN	0.45679012345679	NA
1990	MIL	0.45679012345679	NA
1990	WSN	0.524691358024691	NA
1990	NYY	0.41358024691358	NA
1990	NYM	0.561728395061728	NA
1990	OAK	0.635802469135803	League Champion
1990	PHI	0.475308641975309	NA
1990	PIT	0.58641975308642	Division Winner
1990	SDP	0.462962962962963	NA
1990	SEA	0.475308641975309	NA
1990	SFG	0.524691358024691	NA
1990	STL	0.432098765432099	NA
1990	TEX	0.512345679012346	NA
1990	TOR	0.530864197530864	NA
1991	ATL	0.580246913580247	League Champion
1991	BAL	0.41358024691358	NA
1991	BOS	0.518518518518518	NA
1991	ANA	0.5	NA
1991	CHW	0.537037037037037	NA
1991	CHC	0.48125	NA
1991	CIN	0.45679012345679	NA
1991	CLE	0.351851851851852	NA
1991	DET	0.518518518518518	NA
1991	HOU	0.401234567901235	NA
1991	KCR	0.506172839506173	NA
1991	LAD	0.574074074074074	NA
1991	MIN	0.58641975308642	World Series Champion
1991	MIL	0.512345679012346	NA
1991	WSN	0.440993788819876	NA
1991	NYY	0.438271604938272	NA
1991	NYM	0.478260869565217	NA
1991	OAK	0.518518518518518	NA
1991	PHI	0.481481481481481	NA
1991	PIT	0.604938271604938	Division Winner
1991	SDP	0.518518518518518	NA
1991	SEA	0.512345679012346	NA
1991	SFG	0.462962962962963	NA
1991	STL	0.518518518518518	NA
1991	TEX	0.524691358024691	NA
1991	TOR	0.561728395061728	Division Winner
1992	ATL	0.604938271604938	League Champion
1992	BAL	0.549382716049383	NA
1992	BOS	0.450617283950617	NA
1992	ANA	0.444444444444444	NA
1992	CHW	0.530864197530864	NA
1992	CHC	0.481481481481481	NA
1992	CIN	0.555555555555556	NA
1992	CLE	0.469135802469136	NA
1992	DET	0.462962962962963	NA
1992	HOU	0.5	NA
1992	KCR	0.444444444444444	NA
1992	LAD	0.388888888888889	NA
1992	MIN	0.555555555555556	NA
1992	MIL	0.567901234567901	NA
1992	WSN	0.537037037037037	NA
1992	NYY	0.469135802469136	NA
1992	NYM	0.444444444444444	NA
1992	OAK	0.592592592592593	Division Winner
1992	PHI	0.432098765432099	NA
1992	PIT	0.592592592592593	Division Winner
1992	SDP	0.506172839506173	NA
1992	SEA	0.395061728395062	NA
1992	SFG	0.444444444444444	NA
1992	STL	0.512345679012346	NA
1992	TEX	0.475308641975309	NA
1992	TOR	0.592592592592593	World Series Champion
1993	ATL	0.641975308641975	Division Winner
1993	BAL	0.524691358024691	NA
1993	BOS	0.493827160493827	NA
1993	ANA	0.438271604938272	NA
1993	CHW	0.580246913580247	Division Winner
1993	CHC	0.518518518518518	NA
1993	CIN	0.450617283950617	NA
1993	CLE	0.469135802469136	NA
1993	COL	0.41358024691358	NA
1993	DET	0.524691358024691	NA
1993	FLA	0.395061728395062	NA
1993	HOU	0.524691358024691	NA
1993	KCR	0.518518518518518	NA
1993	LAD	0.5	NA
1993	MIN	0.438271604938272	NA
1993	MIL	0.425925925925926	NA
1993	WSN	0.580246913580247	NA
1993	NYY	0.54320987654321	NA
1993	NYM	0.364197530864198	NA
1993	OAK	0.419753086419753	NA
1993	PHI	0.598765432098765	League Champion
1993	PIT	0.462962962962963	NA
1993	SDP	0.376543209876543	NA
1993	SEA	0.506172839506173	NA
1993	SFG	0.635802469135803	NA
1993	STL	0.537037037037037	NA
1993	TEX	0.530864197530864	NA
1993	TOR	0.58641975308642	World Series Champion
1994	ATL	0.596491228070175	NA
1994	BAL	0.5625	NA
1994	BOS	0.469565217391304	NA
1994	ANA	0.408695652173913	NA
1994	CHW	0.592920353982301	NA
1994	CHC	0.433628318584071	NA
1994	CIN	0.578947368421053	NA
1994	CLE	0.584070796460177	NA
1994	COL	0.452991452991453	NA
1994	DET	0.460869565217391	NA
1994	FLA	0.443478260869565	NA
1994	HOU	0.573913043478261	NA
1994	KCR	0.556521739130435	NA
1994	LAD	0.508771929824561	NA
1994	MIN	0.469026548672566	NA
1994	MIL	0.460869565217391	NA
1994	WSN	0.649122807017544	NA
1994	NYY	0.619469026548673	NA
1994	NYM	0.486725663716814	NA
1994	OAK	0.447368421052632	NA
1994	PHI	0.469565217391304	NA
1994	PIT	0.464912280701754	NA
1994	SDP	0.401709401709402	NA
1994	SEA	0.4375	NA
1994	SFG	0.478260869565217	NA
1994	STL	0.464912280701754	NA
1994	TEX	0.456140350877193	NA
1994	TOR	0.478260869565217	NA
1995	ATL	0.625	World Series Champion
1995	BAL	0.493055555555556	NA
1995	BOS	0.597222222222222	Division Winner
1995	ANA	0.537931034482759	NA
1995	CHW	0.472222222222222	NA
1995	CHC	0.506944444444444	NA
1995	CIN	0.590277777777778	Division Winner
1995	CLE	0.694444444444444	League Champion
1995	COL	0.534722222222222	Wild Card Winner
1995	DET	0.416666666666667	NA
1995	FLA	0.468531468531469	NA
1995	HOU	0.527777777777778	NA
1995	KCR	0.486111111111111	NA
1995	LAD	0.541666666666667	Division Winner
1995	MIN	0.388888888888889	NA
1995	MIL	0.451388888888889	NA
1995	WSN	0.458333333333333	NA
1995	NYY	0.548611111111111	Wild Card Winner
1995	NYM	0.479166666666667	NA
1995	OAK	0.465277777777778	NA
1995	PHI	0.479166666666667	NA
1995	PIT	0.402777777777778	NA
1995	SDP	0.486111111111111	NA
1995	SEA	0.544827586206897	Division Winner
1995	SFG	0.465277777777778	NA
1995	STL	0.433566433566434	NA
1995	TEX	0.513888888888889	NA
1995	TOR	0.388888888888889	NA
1996	ATL	0.592592592592593	League Champion
1996	BAL	0.54320987654321	Wild Card Winner
1996	BOS	0.524691358024691	NA
1996	ANA	0.434782608695652	NA
1996	CHW	0.524691358024691	NA
1996	CHC	0.469135802469136	NA
1996	CIN	0.5	NA
1996	CLE	0.614906832298137	Division Winner
1996	COL	0.512345679012346	NA
1996	DET	0.327160493827161	NA
1996	FLA	0.493827160493827	NA
1996	HOU	0.506172839506173	NA
1996	KCR	0.46583850931677	NA
1996	LAD	0.555555555555556	Wild Card Winner
1996	MIN	0.481481481481481	NA
1996	MIL	0.493827160493827	NA
1996	WSN	0.54320987654321	NA
1996	NYY	0.567901234567901	World Series Champion
1996	NYM	0.438271604938272	NA
1996	OAK	0.481481481481481	NA
1996	PHI	0.41358024691358	NA
1996	PIT	0.450617283950617	NA
1996	SDP	0.561728395061728	Division Winner
1996	SEA	0.527950310559006	NA
1996	SFG	0.419753086419753	NA
1996	STL	0.54320987654321	Division Winner
1996	TEX	0.555555555555556	Division Winner
1996	TOR	0.45679012345679	NA
1997	ANA	0.518518518518518	NA
1997	ATL	0.623456790123457	Division Winner
1997	BAL	0.604938271604938	Division Winner
1997	BOS	0.481481481481481	NA
1997	CHW	0.496894409937888	NA
1997	CHC	0.419753086419753	NA
1997	CIN	0.469135802469136	NA
1997	CLE	0.53416149068323	League Champion
1997	COL	0.512345679012346	NA
1997	DET	0.487654320987654	NA
1997	FLA	0.567901234567901	World Series Champion
1997	HOU	0.518518518518518	Division Winner
1997	KCR	0.416149068322981	NA
1997	LAD	0.54320987654321	NA
1997	MIN	0.419753086419753	NA
1997	MIL	0.484472049689441	NA
1997	WSN	0.481481481481481	NA
1997	NYY	0.592592592592593	Wild Card Winner
1997	NYM	0.54320987654321	NA
1997	OAK	0.401234567901235	NA
1997	PHI	0.419753086419753	NA
1997	PIT	0.487654320987654	NA
1997	SDP	0.469135802469136	NA
1997	SEA	0.555555555555556	Division Winner
1997	SFG	0.555555555555556	Division Winner
1997	STL	0.450617283950617	NA
1997	TEX	0.475308641975309	NA
1997	TOR	0.469135802469136	NA
1998	ANA	0.524691358024691	NA
1998	ARI	0.401234567901235	NA
1998	ATL	0.654320987654321	Division Winner
1998	BAL	0.487654320987654	NA
1998	BOS	0.567901234567901	Wild Card Winner
1998	CHW	0.493827160493827	NA
1998	CHC	0.552147239263804	Wild Card Winner
1998	CIN	0.475308641975309	NA
1998	CLE	0.549382716049383	Division Winner
1998	COL	0.475308641975309	NA
1998	DET	0.401234567901235	NA
1998	FLA	0.333333333333333	NA
1998	HOU	0.62962962962963	Division Winner
1998	KCR	0.447204968944099	NA
1998	LAD	0.512345679012346	NA
1998	MIL	0.45679012345679	NA
1998	MIN	0.432098765432099	NA
1998	WSN	0.401234567901235	NA
1998	NYY	0.703703703703704	World Series Champion
1998	NYM	0.54320987654321	NA
1998	OAK	0.45679012345679	NA
1998	PHI	0.462962962962963	NA
1998	PIT	0.425925925925926	NA
1998	SDP	0.604938271604938	League Champion
1998	SEA	0.472049689440994	NA
1998	SFG	0.54601226993865	NA
1998	STL	0.512345679012346	NA
1998	TBD	0.388888888888889	NA
1998	TEX	0.54320987654321	Division Winner
1998	TOR	0.54320987654321	NA
1999	ANA	0.432098765432099	NA
1999	ARI	0.617283950617284	Division Winner
1999	ATL	0.635802469135803	League Champion
1999	BAL	0.481481481481481	NA
1999	BOS	0.580246913580247	Wild Card Winner
1999	CHW	0.46583850931677	NA
1999	CHC	0.41358024691358	NA
1999	CIN	0.588957055214724	NA
1999	CLE	0.598765432098765	Division Winner
1999	COL	0.444444444444444	NA
1999	DET	0.428571428571429	NA
1999	FLA	0.395061728395062	NA
1999	HOU	0.598765432098765	Division Winner
1999	KCR	0.397515527950311	NA
1999	LAD	0.475308641975309	NA
1999	MIL	0.459627329192547	NA
1999	MIN	0.39375	NA
1999	WSN	0.419753086419753	NA
1999	NYY	0.604938271604938	World Series Champion
1999	NYM	0.595092024539877	Wild Card Winner
1999	OAK	0.537037037037037	NA
1999	PHI	0.475308641975309	NA
1999	PIT	0.484472049689441	NA
1999	SDP	0.45679012345679	NA
1999	SEA	0.487654320987654	NA
1999	SFG	0.530864197530864	NA
1999	STL	0.46583850931677	NA
1999	TBD	0.425925925925926	NA
1999	TEX	0.58641975308642	Division Winner
1999	TOR	0.518518518518518	NA
2000	ANA	0.506172839506173	NA
2000	ARI	0.524691358024691	NA
2000	ATL	0.58641975308642	Division Winner
2000	BAL	0.45679012345679	NA
2000	BOS	0.524691358024691	NA
2000	CHW	0.58641975308642	Division Winner
2000	CHC	0.401234567901235	NA
2000	CIN	0.524691358024691	NA
2000	CLE	0.555555555555556	NA
2000	COL	0.506172839506173	NA
2000	DET	0.487654320987654	NA
2000	FLA	0.490683229813665	NA
2000	HOU	0.444444444444444	NA
2000	KCR	0.475308641975309	NA
2000	LAD	0.530864197530864	NA
2000	MIL	0.450617283950617	NA
2000	MIN	0.425925925925926	NA
2000	WSN	0.41358024691358	NA
2000	NYY	0.540372670807453	World Series Champion
2000	NYM	0.580246913580247	League Champion
2000	OAK	0.565217391304348	Division Winner
2000	PHI	0.401234567901235	NA
2000	PIT	0.425925925925926	NA
2000	SDP	0.469135802469136	NA
2000	SEA	0.561728395061728	Wild Card Winner
2000	SFG	0.598765432098765	Division Winner
2000	STL	0.58641975308642	Division Winner
2000	TBD	0.428571428571429	NA
2000	TEX	0.438271604938272	NA
2000	TOR	0.512345679012346	NA
2001	ANA	0.462962962962963	NA
2001	ARI	0.567901234567901	World Series Champion
2001	ATL	0.54320987654321	Division Winner
2001	BAL	0.391304347826087	NA
2001	BOS	0.509316770186335	NA
2001	CHW	0.512345679012346	NA
2001	CHC	0.54320987654321	NA
2001	CIN	0.407407407407407	NA
2001	CLE	0.561728395061728	Division Winner
2001	COL	0.450617283950617	NA
2001	DET	0.407407407407407	NA
2001	FLA	0.469135802469136	NA
2001	HOU	0.574074074074074	Division Winner
2001	KCR	0.401234567901235	NA
2001	LAD	0.530864197530864	NA
2001	MIL	0.419753086419753	NA
2001	MIN	0.524691358024691	NA
2001	WSN	0.419753086419753	NA
2001	NYY	0.59375	League Champion
2001	NYM	0.506172839506173	NA
2001	OAK	0.62962962962963	Wild Card Winner
2001	PHI	0.530864197530864	NA
2001	PIT	0.382716049382716	NA
2001	SDP	0.487654320987654	NA
2001	SEA	0.716049382716049	Division Winner
2001	SFG	0.555555555555556	NA
2001	STL	0.574074074074074	Wild Card Winner
2001	TBD	0.382716049382716	NA
2001	TEX	0.450617283950617	NA
2001	TOR	0.493827160493827	NA
2002	ANA	0.611111111111111	World Series Champion
2002	ARI	0.604938271604938	Division Winner
2002	ATL	0.63125	Division Winner
2002	BAL	0.41358024691358	NA
2002	BOS	0.574074074074074	NA
2002	CHW	0.5	NA
2002	CHC	0.41358024691358	NA
2002	CIN	0.481481481481481	NA
2002	CLE	0.45679012345679	NA
2002	COL	0.450617283950617	NA
2002	DET	0.341614906832298	NA
2002	FLA	0.487654320987654	NA
2002	HOU	0.518518518518518	NA
2002	KCR	0.382716049382716	NA
2002	LAD	0.567901234567901	NA
2002	MIL	0.345679012345679	NA
2002	MIN	0.583850931677019	Division Winner
2002	WSN	0.512345679012346	NA
2002	NYY	0.639751552795031	Division Winner
2002	NYM	0.46583850931677	NA
2002	OAK	0.635802469135803	Division Winner
2002	PHI	0.496894409937888	NA
2002	PIT	0.447204968944099	NA
2002	SDP	0.407407407407407	NA
2002	SEA	0.574074074074074	NA
2002	SFG	0.590062111801242	League Champion
2002	STL	0.598765432098765	Division Winner
2002	TBD	0.341614906832298	NA
2002	TEX	0.444444444444444	NA
2002	TOR	0.481481481481481	NA
2003	ANA	0.475308641975309	NA
2003	ARI	0.518518518518518	NA
2003	ATL	0.623456790123457	Division Winner
2003	BAL	0.438271604938272	NA
2003	BOS	0.58641975308642	Wild Card Winner
2003	CHW	0.530864197530864	NA
2003	CHC	0.54320987654321	Division Winner
2003	CIN	0.425925925925926	NA
2003	CLE	0.419753086419753	NA
2003	COL	0.45679012345679	NA
2003	DET	0.265432098765432	NA
2003	FLA	0.561728395061728	World Series Champion
2003	HOU	0.537037037037037	NA
2003	KCR	0.512345679012346	NA
2003	LAD	0.524691358024691	NA
2003	MIL	0.419753086419753	NA
2003	MIN	0.555555555555556	Division Winner
2003	WSN	0.512345679012346	NA
2003	NYY	0.623456790123457	League Champion
2003	NYM	0.409937888198758	NA
2003	OAK	0.592592592592593	Division Winner
2003	PHI	0.530864197530864	NA
2003	PIT	0.462962962962963	NA
2003	SDP	0.395061728395062	NA
2003	SEA	0.574074074074074	NA
2003	SFG	0.62111801242236	Division Winner
2003	STL	0.524691358024691	NA
2003	TBD	0.388888888888889	NA
2003	TEX	0.438271604938272	NA
2003	TOR	0.530864197530864	NA
2004	ANA	0.567901234567901	Division Winner
2004	ARI	0.314814814814815	NA
2004	ATL	0.592592592592593	Division Winner
2004	BAL	0.481481481481481	NA
2004	BOS	0.604938271604938	World Series Champion
2004	CHW	0.512345679012346	NA
2004	CHC	0.549382716049383	NA
2004	CIN	0.469135802469136	NA
2004	CLE	0.493827160493827	NA
2004	COL	0.419753086419753	NA
2004	DET	0.444444444444444	NA
2004	FLA	0.512345679012346	NA
2004	HOU	0.567901234567901	Wild Card Winner
2004	KCR	0.358024691358025	NA
2004	LAD	0.574074074074074	Division Winner
2004	MIL	0.416149068322981	NA
2004	MIN	0.567901234567901	Division Winner
2004	WSN	0.41358024691358	NA
2004	NYY	0.623456790123457	Division Winner
2004	NYM	0.438271604938272	NA
2004	OAK	0.561728395061728	NA
2004	PHI	0.530864197530864	NA
2004	PIT	0.447204968944099	NA
2004	SDP	0.537037037037037	NA
2004	SEA	0.388888888888889	NA
2004	SFG	0.561728395061728	NA
2004	STL	0.648148148148148	League Champion
2004	TBD	0.434782608695652	NA
2004	TEX	0.549382716049383	NA
2004	TOR	0.416149068322981	NA
2005	ARI	0.475308641975309	NA
2005	ATL	0.555555555555556	Division Winner
2005	BAL	0.45679012345679	NA
2005	BOS	0.58641975308642	Wild Card Winner
2005	CHW	0.611111111111111	World Series Champion
2005	CHC	0.487654320987654	NA
2005	CIN	0.450617283950617	NA
2005	CLE	0.574074074074074	NA
2005	COL	0.41358024691358	NA
2005	DET	0.438271604938272	NA
2005	FLA	0.512345679012346	NA
2005	HOU	0.549382716049383	League Champion
2005	KCR	0.345679012345679	NA
2005	ANA	0.58641975308642	Division Winner
2005	LAD	0.438271604938272	NA
2005	MIL	0.5	NA
2005	MIN	0.512345679012346	NA
2005	NYY	0.58641975308642	Division Winner
2005	NYM	0.512345679012346	NA
2005	OAK	0.54320987654321	NA
2005	PHI	0.54320987654321	NA
2005	PIT	0.41358024691358	NA
2005	SDP	0.506172839506173	Division Winner
2005	SEA	0.425925925925926	NA
2005	SFG	0.462962962962963	NA
2005	STL	0.617283950617284	Division Winner
2005	TBD	0.41358024691358	NA
2005	TEX	0.487654320987654	NA
2005	TOR	0.493827160493827	NA
2005	WSN	0.5	NA
2006	ARI	0.469135802469136	NA
2006	ATL	0.487654320987654	NA
2006	BAL	0.432098765432099	NA
2006	BOS	0.530864197530864	NA
2006	CHW	0.555555555555556	NA
2006	CHC	0.407407407407407	NA
2006	CIN	0.493827160493827	NA
2006	CLE	0.481481481481481	NA
2006	COL	0.469135802469136	NA
2006	DET	0.58641975308642	League Champion
2006	FLA	0.481481481481481	NA
2006	HOU	0.506172839506173	NA
2006	KCR	0.382716049382716	NA
2006	ANA	0.549382716049383	NA
2006	LAD	0.54320987654321	Wild Card Winner
2006	MIL	0.462962962962963	NA
2006	MIN	0.592592592592593	Division Winner
2006	NYY	0.598765432098765	Division Winner
2006	NYM	0.598765432098765	Division Winner
2006	OAK	0.574074074074074	Division Winner
2006	PHI	0.524691358024691	NA
2006	PIT	0.41358024691358	NA
2006	SDP	0.54320987654321	Division Winner
2006	SEA	0.481481481481481	NA
2006	SFG	0.472049689440994	NA
2006	STL	0.515527950310559	World Series Champion
2006	TBD	0.376543209876543	NA
2006	TEX	0.493827160493827	NA
2006	TOR	0.537037037037037	NA
2006	WSN	0.438271604938272	NA
2007	ARI	0.555555555555556	Division Winner
2007	ATL	0.518518518518518	NA
2007	BAL	0.425925925925926	NA
2007	BOS	0.592592592592593	World Series Champion
2007	CHW	0.444444444444444	NA
2007	CHC	0.524691358024691	Division Winner
2007	CIN	0.444444444444444	NA
2007	CLE	0.592592592592593	Division Winner
2007	COL	0.552147239263804	League Champion
2007	DET	0.54320987654321	NA
2007	FLA	0.438271604938272	NA
2007	HOU	0.450617283950617	NA
2007	KCR	0.425925925925926	NA
2007	ANA	0.580246913580247	Division Winner
2007	LAD	0.506172839506173	NA
2007	MIL	0.512345679012346	NA
2007	MIN	0.487654320987654	NA
2007	NYY	0.580246913580247	Wild Card Winner
2007	NYM	0.54320987654321	NA
2007	OAK	0.469135802469136	NA
2007	PHI	0.549382716049383	Division Winner
2007	PIT	0.419753086419753	NA
2007	SDP	0.54601226993865	NA
2007	SEA	0.54320987654321	NA
2007	SFG	0.438271604938272	NA
2007	STL	0.481481481481481	NA
2007	TBD	0.407407407407407	NA
2007	TEX	0.462962962962963	NA
2007	TOR	0.512345679012346	NA
2007	WSN	0.450617283950617	NA
2008	ARI	0.506172839506173	NA
2008	ATL	0.444444444444444	NA
2008	BAL	0.422360248447205	NA
2008	BOS	0.58641975308642	Wild Card Winner
2008	CHW	0.54601226993865	Division Winner
2008	CHC	0.602484472049689	Division Winner
2008	CIN	0.45679012345679	NA
2008	CLE	0.5	NA
2008	COL	0.45679012345679	NA
2008	DET	0.45679012345679	NA
2008	FLA	0.521739130434783	NA
2008	HOU	0.53416149068323	NA
2008	KCR	0.462962962962963	NA
2008	ANA	0.617283950617284	Division Winner
2008	LAD	0.518518518518518	Division Winner
2008	MIL	0.555555555555556	Wild Card Winner
2008	MIN	0.539877300613497	NA
2008	NYY	0.549382716049383	NA
2008	NYM	0.549382716049383	NA
2008	OAK	0.46583850931677	NA
2008	PHI	0.567901234567901	World Series Champion
2008	PIT	0.41358024691358	NA
2008	SDP	0.388888888888889	NA
2008	SEA	0.376543209876543	NA
2008	SFG	0.444444444444444	NA
2008	STL	0.530864197530864	NA
2008	TBD	0.598765432098765	League Champion
2008	TEX	0.487654320987654	NA
2008	TOR	0.530864197530864	NA
2008	WSN	0.366459627329193	NA
2009	ARI	0.432098765432099	NA
2009	ATL	0.530864197530864	NA
2009	BAL	0.395061728395062	NA
2009	BOS	0.58641975308642	Wild Card Winner
2009	CHW	0.487654320987654	NA
2009	CHC	0.515527950310559	NA
2009	CIN	0.481481481481481	NA
2009	CLE	0.401234567901235	NA
2009	COL	0.567901234567901	Wild Card Winner
2009	DET	0.52760736196319	NA
2009	FLA	0.537037037037037	NA
2009	HOU	0.45679012345679	NA
2009	KCR	0.401234567901235	NA
2009	ANA	0.598765432098765	Division Winner
2009	LAD	0.58641975308642	Division Winner
2009	MIL	0.493827160493827	NA
2009	MIN	0.533742331288344	Division Winner
2009	NYY	0.635802469135803	World Series Champion
2009	NYM	0.432098765432099	NA
2009	OAK	0.462962962962963	NA
2009	PHI	0.574074074074074	League Champion
2009	PIT	0.385093167701863	NA
2009	SDP	0.462962962962963	NA
2009	SEA	0.524691358024691	NA
2009	SFG	0.54320987654321	NA
2009	STL	0.561728395061728	Division Winner
2009	TBD	0.518518518518518	NA
2009	TEX	0.537037037037037	NA
2009	TOR	0.462962962962963	NA
2009	WSN	0.364197530864198	NA
2010	ARI	0.401234567901235	NA
2010	ATL	0.561728395061728	Wild Card Winner
2010	BAL	0.407407407407407	NA
2010	BOS	0.549382716049383	NA
2010	CHW	0.54320987654321	NA
2010	CHC	0.462962962962963	NA
2010	CIN	0.561728395061728	Division Winner
2010	CLE	0.425925925925926	NA
2010	COL	0.512345679012346	NA
2010	DET	0.5	NA
2010	FLA	0.493827160493827	NA
2010	HOU	0.469135802469136	NA
2010	KCR	0.41358024691358	NA
2010	ANA	0.493827160493827	NA
2010	LAD	0.493827160493827	NA
2010	MIL	0.475308641975309	NA
2010	MIN	0.580246913580247	Division Winner
2010	NYY	0.58641975308642	Wild Card Winner
2010	NYM	0.487654320987654	NA
2010	OAK	0.5	NA
2010	PHI	0.598765432098765	Division Winner
2010	PIT	0.351851851851852	NA
2010	SDP	0.555555555555556	NA
2010	SEA	0.376543209876543	NA
2010	SFG	0.567901234567901	World Series Champion
2010	STL	0.530864197530864	NA
2010	TBD	0.592592592592593	Division Winner
2010	TEX	0.555555555555556	League Champion
2010	TOR	0.524691358024691	NA
2010	WSN	0.425925925925926	NA
2011	ARI	0.580246913580247	Division Winner
2011	ATL	0.549382716049383	NA
2011	BAL	0.425925925925926	NA
2011	BOS	0.555555555555556	NA
2011	CHW	0.487654320987654	NA
2011	CHC	0.438271604938272	NA
2011	CIN	0.487654320987654	NA
2011	CLE	0.493827160493827	NA
2011	COL	0.450617283950617	NA
2011	DET	0.58641975308642	Division Winner
2011	FLA	0.444444444444444	NA
2011	HOU	0.345679012345679	NA
2011	KCR	0.438271604938272	NA
2011	ANA	0.530864197530864	NA
2011	LAD	0.509316770186335	NA
2011	MIL	0.592592592592593	Division Winner
2011	MIN	0.388888888888889	NA
2011	NYY	0.598765432098765	Division Winner
2011	NYM	0.475308641975309	NA
2011	OAK	0.45679012345679	NA
2011	PHI	0.62962962962963	Division Winner
2011	PIT	0.444444444444444	NA
2011	SDP	0.438271604938272	NA
2011	SEA	0.41358024691358	NA
2011	SFG	0.530864197530864	NA
2011	STL	0.555555555555556	World Series Champion
2011	TBD	0.561728395061728	Wild Card Winner
2011	TEX	0.592592592592593	League Champion
2011	TOR	0.5	NA
2011	WSN	0.496894409937888	NA
2012	ARI	0.5	NA
2012	ATL	0.580246913580247	Wild Card Winner
2012	BAL	0.574074074074074	Wild Card Winner
2012	BOS	0.425925925925926	NA
2012	CHW	0.524691358024691	NA
2012	CHC	0.376543209876543	NA
2012	CIN	0.598765432098765	Division Winner
2012	CLE	0.419753086419753	NA
2012	COL	0.395061728395062	NA
2012	DET	0.54320987654321	League Champion
2012	HOU	0.339506172839506	NA
2012	KCR	0.444444444444444	NA
2012	ANA	0.549382716049383	NA
2012	LAD	0.530864197530864	NA
2012	FLA	0.425925925925926	NA
2012	MIL	0.512345679012346	NA
2012	MIN	0.407407407407407	NA
2012	NYY	0.58641975308642	Division Winner
2012	NYM	0.45679012345679	NA
2012	OAK	0.580246913580247	Division Winner
2012	PHI	0.5	NA
2012	PIT	0.487654320987654	NA
2012	SDP	0.469135802469136	NA
2012	SEA	0.462962962962963	NA
2012	SFG	0.580246913580247	World Series Champion
2012	STL	0.54320987654321	Wild Card Winner
2012	TBD	0.555555555555556	NA
2012	TEX	0.574074074074074	Wild Card Winner
2012	TOR	0.450617283950617	NA
2012	WSN	0.604938271604938	Division Winner
2013	ARI	0.5	NA
2013	ATL	0.592592592592593	Division Winner
2013	BAL	0.524691358024691	NA
2013	BOS	0.598765432098765	World Series Champion
2013	CHW	0.388888888888889	NA
2013	CHC	0.407407407407407	NA
2013	CIN	0.555555555555556	Wild Card Winner
2013	CLE	0.567901234567901	Wild Card Winner
2013	COL	0.45679012345679	NA
2013	DET	0.574074074074074	Division Winner
2013	HOU	0.314814814814815	NA
2013	KCR	0.530864197530864	NA
2013	ANA	0.481481481481481	NA
2013	LAD	0.567901234567901	Division Winner
2013	FLA	0.382716049382716	NA
2013	MIL	0.45679012345679	NA
2013	MIN	0.407407407407407	NA
2013	NYY	0.524691358024691	NA
2013	NYM	0.45679012345679	NA
2013	OAK	0.592592592592593	Division Winner
2013	PHI	0.450617283950617	NA
2013	PIT	0.580246913580247	Wild Card Winner
2013	SDP	0.469135802469136	NA
2013	SEA	0.438271604938272	NA
2013	SFG	0.469135802469136	NA
2013	STL	0.598765432098765	League Champion
2013	TBD	0.56441717791411	Wild Card Winner
2013	TEX	0.558282208588957	NA
2013	TOR	0.45679012345679	NA
2013	WSN	0.530864197530864	NA
2014	ARI	0.395061728395062	NA
2014	ATL	0.487654320987654	NA
2014	BAL	0.592592592592593	Division Winner
2014	BOS	0.438271604938272	NA
2014	CHW	0.450617283950617	NA
2014	CHC	0.450617283950617	NA
2014	CIN	0.469135802469136	NA
2014	CLE	0.524691358024691	NA
2014	COL	0.407407407407407	NA
2014	DET	0.555555555555556	Division Winner
2014	HOU	0.432098765432099	NA
2014	KCR	0.549382716049383	League Champion
2014	ANA	0.604938271604938	Division Winner
2014	LAD	0.580246913580247	Division Winner
2014	FLA	0.475308641975309	NA
2014	MIL	0.506172839506173	NA
2014	MIN	0.432098765432099	NA
2014	NYY	0.518518518518518	NA
2014	NYM	0.487654320987654	NA
2014	OAK	0.54320987654321	Wild Card Winner
2014	PHI	0.450617283950617	NA
2014	PIT	0.54320987654321	Wild Card Winner
2014	SDP	0.475308641975309	NA
2014	SEA	0.537037037037037	NA
2014	SFG	0.54320987654321	World Series Champion
2014	STL	0.555555555555556	Division Winner
2014	TBD	0.475308641975309	NA
2014	TEX	0.41358024691358	NA
2014	TOR	0.512345679012346	NA
2014	WSN	0.592592592592593	Division Winner
2015	KCR	0.58641975308642	World Series Champion
2015	MIN	0.512345679012346	NA
2015	CLE	0.503105590062112	NA
2015	CHW	0.469135802469136	NA
2015	DET	0.459627329192547	NA
2015	TOR	0.574074074074074	Division Winner
2015	NYY	0.537037037037037	Wild Card Winner
2015	BAL	0.5	NA
2015	TBD	0.493827160493827	NA
2015	BOS	0.481481481481481	NA
2015	TEX	0.54320987654321	Division Winner
2015	HOU	0.530864197530864	Wild Card Winner
2015	ANA	0.524691358024691	NA
2015	SEA	0.469135802469136	NA
2015	OAK	0.419753086419753	NA
2015	STL	0.617283950617284	Division Winner
2015	PIT	0.604938271604938	Wild Card Winner
2015	CHC	0.598765432098765	Wild Card Winner
2015	MIL	0.419753086419753	NA
2015	CIN	0.395061728395062	NA
2015	NYM	0.555555555555556	League Champion
2015	WSN	0.512345679012346	NA
2015	FLA	0.438271604938272	NA
2015	ATL	0.41358024691358	NA
2015	PHI	0.388888888888889	NA
2015	LAD	0.567901234567901	Division Winner
2015	SFG	0.518518518518518	NA
2015	ARI	0.487654320987654	NA
2015	SDP	0.45679012345679	NA
2015	COL	0.419753086419753	NA
